IMPLEMENTED;ORDER;Topic;OWL Construct;SHACL Construct;SHACL Construct TYPE;QUERY
Y;0;Class definition; owl:Class, rdfs:Class;sh:NodeShape, sh:targetClass;Logical Constraint  Constraints;"PREFIX owl: <http://www.w3.org/2002/07/owl#> 
PREFIX rdfs: <http://www.w3.org/2000/01/rdf-schema#> 
PREFIX sh: <http://www.w3.org/ns/shacl#>
PREFIX rdf: <http://www.w3.org/1999/02/22-rdf-syntax-ns#>

CONSTRUCT {  
 	?shapeUrl a sh:NodeShape ;
 		sh:targetClass ?type .
} WHERE {
 	?type a  ?typeClassUrl . 
	VALUES ?typeClassUrl {owl:Class rdfs:Class} .
	
	FILTER (!isBlank(?type)) .
	BIND(URI(CONCAT('https://astrea.linkeddata.es/shapes#',MD5(STR(?type)))) AS ?shapeUrl) .
}"
Y;0;Minimum qualified cardinality; owl:Class, rdfs:Class, owl:minQualifiedCardinality,owl:onClass, owl:Restriction;sh:NodeShape, sh:property, sh:qualifiedMinCount, sh:qualifiedValueShape, sh:class;Shape-based  Constraints;"PREFIX owl: <http://www.w3.org/2002/07/owl#>
PREFIX rdfs: <http://www.w3.org/2000/01/rdf-schema#> 
PREFIX sh: <http://www.w3.org/ns/shacl#>
PREFIX rdf: <http://www.w3.org/1999/02/22-rdf-syntax-ns#>
PREFIX xsd: <http://www.w3.org/2001/XMLSchema#>

CONSTRUCT {
	?shapeUrl a sh:NodeShape;
		sh:property ?embeddedNode .
	?embeddedNode sh:qualifiedMinCount ?minQualifiedCardinality;
		sh:qualifiedValueShape [ sh:class ?onClassRestriction  ] .
} WHERE {
	?type a  ?typeClassUrl .
	VALUES ?typeClassUrl { owl:Class rdfs:Class }
	?type rdfs:subClassOf ?owlPropertyRestriction .
	?owlPropertyRestriction a owl:Restriction .
	?owlPropertyRestriction owl:onProperty ?rangedProperty .
	?owlPropertyRestriction owl:minQualifiedCardinality ?minQualifiedCardinality . 
 	?owlPropertyRestriction owl:onClass ?onClassRestriction . 
	
	BIND(URI(CONCAT('https://astrea.linkeddata.es/shapes#',MD5(CONCAT(STR(?type),STR(?rangedProperty))))) AS ?embeddedNode) .
 	FILTER (!isBlank(?type)) .
 	BIND(URI(CONCAT('https://astrea.linkeddata.es/shapes#',MD5(STR(?type)))) AS ?shapeUrl) .
}"
Y;0;Minimum qualified cardinality; owl:Class, rdfs:Class, owl:minQualifiedCardinality,owl:onClass, owl:Restriction;sh:NodeShape, sh:property, sh:qualifiedMinCount, sh:qualifiedMaxCount,sh:qualifiedValueShape, sh:class;Shape-based  Constraints;"PREFIX owl: <http://www.w3.org/2002/07/owl#> 
PREFIX rdfs: <http://www.w3.org/2000/01/rdf-schema#> 
PREFIX sh: <http://www.w3.org/ns/shacl#>
PREFIX rdf: <http://www.w3.org/1999/02/22-rdf-syntax-ns#>
PREFIX xsd: <http://www.w3.org/2001/XMLSchema#>

CONSTRUCT {
	?shapeUrl a sh:NodeShape;
		sh:property ?embeddedNode .
	?embeddedNode sh:qualifiedMinCount ?qualifiedCardinality;
		sh:qualifiedMaxCount ?qualifiedCardinality;
		sh:qualifiedValueShape [ sh:class ?onClassRestriction  ] .
} WHERE {
	?type a  ?typeClassUrl .
	VALUES ?typeClassUrl { owl:Class rdfs:Class }
	?type rdfs:subClassOf ?owlPropertyRestriction .
	?owlPropertyRestriction a owl:Restriction .
	?owlPropertyRestriction owl:onProperty ?rangedProperty .
	?owlPropertyRestriction owl:qualifiedCardinality ?qualifiedCardinality . 
 	?owlPropertyRestriction owl:onClass ?onClassRestriction . 
	
	BIND(URI(CONCAT('https://astrea.linkeddata.es/shapes#',MD5(CONCAT(STR(?type),STR(?rangedProperty))))) AS ?embeddedNode) .
 	FILTER (!isBlank(?type)) .
 	BIND(URI(CONCAT('https://astrea.linkeddata.es/shapes#',MD5(STR(?type)))) AS ?shapeUrl) .
}"
Y;0;is Defined By; owl:Class, rdfs:Class, rdfs:isDefinedBy ;sh:NodeShape, rdfs:isDefinedBy;Non-Validating Property Shape Characteristics;"PREFIX owl: <http://www.w3.org/2002/07/owl#> 
PREFIX rdfs: <http://www.w3.org/2000/01/rdf-schema#> 
PREFIX sh: <http://www.w3.org/ns/shacl#>

CONSTRUCT {  ?shapeUrl a sh:NodeShape;
			 	rdfs:isDefinedBy  ?shapeNodeDefinedBy .
} WHERE { 
	?type a ?typeClassUrl .
	VALUES ?typeClassUrl {owl:Class rdfs:Class}
	?type rdfs:isDefinedBy ?shapeNodeDefinedBy .
 	FILTER (!isBlank(?type)) .
 	BIND(URI(CONCAT('https://astrea.linkeddata.es/shapes#',MD5(STR(?type)))) AS ?shapeUrl) .
}"
Y;0;seeAlso annotation; owl:Class, rdfs:Class, rdfs:seeAlso ;sh:NodeShape, rdfs:seeAlso;Non-Validating Property Shape Characteristics;"PREFIX owl: <http://www.w3.org/2002/07/owl#> 
PREFIX rdfs: <http://www.w3.org/2000/01/rdf-schema#> 
PREFIX sh: <http://www.w3.org/ns/shacl#>

CONSTRUCT {  ?shapeUrl a sh:NodeShape;
			 	rdfs:seeAlso  ?shapeNodeSeeAlso .
} WHERE { 
	?type a ?typeClassUrl .
	VALUES ?typeClassUrl {owl:Class rdfs:Class}
	?type rdfs:seeAlso ?shapeNodeSeeAlso .
 	FILTER (!isBlank(?type)) .
 	BIND(URI(CONCAT('https://astrea.linkeddata.es/shapes#',MD5(STR(?type)))) AS ?shapeUrl) .
}"
Y;0;Functional Property definition; owl:FunctionalProperty;sh:PropertyShape, sh:maxCount;Cardinality Constraints;"PREFIX owl: <http://www.w3.org/2002/07/owl#> 
PREFIX sh: <http://www.w3.org/ns/shacl#>

CONSTRUCT { ?shapeUrl a sh:PropertyShape;
				sh:maxCount 1 .
} WHERE { 
	?property a owl:FunctionalProperty .
	BIND(URI(CONCAT('https://astrea.linkeddata.es/shapes#',MD5(STR(?property)))) AS ?shapeUrl) .
}"
Y;0;Intersection of classes; owl:intersectionOf, owl:Class, rdfs:Class;sh:NodeShape, sh:and ;Logical Constraint  Constraints;"PREFIX owl: <http://www.w3.org/2002/07/owl#> 
PREFIX rdfs: <http://www.w3.org/2000/01/rdf-schema#> 
PREFIX sh: <http://www.w3.org/ns/shacl#>
PREFIX rdf: <http://www.w3.org/1999/02/22-rdf-syntax-ns#>

CONSTRUCT {  
 	?shapeUrl a sh:NodeShape ;
		sh:and ?intersectedTypesList . 
	?intersectedTypesListRest rdf:first ?intersectedTypesListHeadShape ;
		rdf:rest ?intersectedTypesListTailShape .
} WHERE {
 	?type a  ?typeClassUrl . 
	VALUES ?typeClassUrl {owl:Class rdfs:Class} 
	OPTIONAL { ?type owl:intersectionOf ?intersectedTypesList .
		?intersectedTypesList rdf:rest* ?intersectedTypesListRest .
		?intersectedTypesListRest rdf:first ?intersectedTypesListHead .
		?intersectedTypesListRest  rdf:rest ?intersectedTypesListTail .
		BIND ( IF ( ?intersectedTypesListHead != rdf:nil && !isBlank(?intersectedTypesListHead), URI(CONCAT(STR(?intersectedTypesListHead),'Shape')), ?intersectedTypesListHead ) AS ?intersectedTypesListHeadShape )
		BIND ( IF ( ?intersectedTypesListTail != rdf:nil && !isBlank(?intersectedTypesListTail), URI(CONCAT(STR(?intersectedTypesListTail),'Shape')), ?intersectedTypesListTail ) AS ?intersectedTypesListTailShape )
	}
	FILTER (!isBlank(?type)) .
	BIND(URI(CONCAT('https://astrea.linkeddata.es/shapes#',MD5(STR(?type)))) AS ?shapeUrl) .
}"
Y;0;Object Property definition; owl:ObjectProperty;sh:PropertyShape, sh:nodeKind, sh:BlankNodeOrIRI;Value Type Constraints;"PREFIX owl: <http://www.w3.org/2002/07/owl#> 
PREFIX rdfs: <http://www.w3.org/2000/01/rdf-schema#> 
PREFIX sh: <http://www.w3.org/ns/shacl#>
PREFIX rdf: <http://www.w3.org/1999/02/22-rdf-syntax-ns#>

CONSTRUCT {
	?shapeUrl a sh:PropertyShape;
		sh:nodeKind sh:BlankNodeOrIRI .
} WHERE { 
	?property a ?propertyType .
	VALUES ?propertyType { owl:ObjectProperty }
	FILTER (!isBlank(?property)) .
	BIND(URI(CONCAT('https://astrea.linkeddata.es/shapes#',MD5(STR(?type)))) AS ?shapeUrl) .
}"
Y;0;Comment annotation; owl:ObjectProperty, owl:DatatypeProperty, rdfs:Datatype, rdfs:comment;sh:PropertyShape, sh:description, rdfs:label;Non-Validating Property Shape Characteristics;"PREFIX owl: <http://www.w3.org/2002/07/owl#> 
PREFIX rdfs: <http://www.w3.org/2000/01/rdf-schema#> 
PREFIX sh: <http://www.w3.org/ns/shacl#>

CONSTRUCT {  ?shapeUrl a sh:PropertyShape;
			 	sh:description  ?propertyComment;
			 	rdfs:label ?propertyComment .
} WHERE { 
	?property a ?propertyType .
	VALUES ?propertyType {owl:ObjectProperty owl:DatatypeProperty rdfs:Datatype } .
	?property rdfs:comment ?propertyComment .
	FILTER (!isBlank(?property)) .
	BIND(URI(CONCAT('https://astrea.linkeddata.es/shapes#',MD5(STR(?type)))) AS ?shapeUrl) .
}"
Y;0;Union of classes; owl:ObjectProperty, rdfs:range, owl:unionOf;sh:PropertyShape, sh:class;Value Type Constraints;"PREFIX owl: <http://www.w3.org/2002/07/owl#> 
PREFIX rdfs: <http://www.w3.org/2000/01/rdf-schema#> 
PREFIX sh: <http://www.w3.org/ns/shacl#>
PREFIX rdf: <http://www.w3.org/1999/02/22-rdf-syntax-ns#>

CONSTRUCT {
	?shapeUrl a sh:PropertyShape;
		sh:class ?typeInRange, ?typeInRangeUnited .
} WHERE { 
		?property a ?propertyType .
		VALUES ?propertyType { owl:ObjectProperty }
		OPTIONAL { ?property rdfs:range ?typeInRange . 
					FILTER (!isBlank(?typeInRange)) .}
		OPTIONAL { ?property rdfs:range ?typeInRangeBlank .
				?typeInRangeBlank owl:unionOf ?typeInRangeUnited .
				FILTER (!isBlank(?typeInRangeUnited)) .
		}
		FILTER (!isBlank(?property)) .
		BIND(URI(CONCAT('https://astrea.linkeddata.es/shapes#',MD5(STR(?type)))) AS ?shapeUrl) .
}"
Y;0;Class definition;owl:Class, rdfs:Class;sh:nodeKind, sh:NodeShape, sh:IRI;Value Type Constraints;"PREFIX owl: <http://www.w3.org/2002/07/owl#> 
PREFIX rdfs: <http://www.w3.org/2000/01/rdf-schema#> 
PREFIX sh: <http://www.w3.org/ns/shacl#>

CONSTRUCT {
	?shapeUrl a sh:NodeShape; 
 		sh:nodeKind sh:IRI .
} WHERE {
    ?type a ?typeClassUrl . 
    VALUES ?typeClassUrl {owl:Class rdfs:Class}
	FILTER (!isBlank(?type)) .
	BIND(URI(CONCAT('https://astrea.linkeddata.es/shapes#',MD5(STR(?type)))) AS ?shapeUrl) .
}"
Y;0;Cardinality;owl:Class, owl:Restriction, rdfs:Class, owl:cardinality, owl:onProperty;sh:NodeShape,sh:property,sh:PropertyShape, sh:maxCount, sh:minCount;Cardinality Constraints;"PREFIX owl: <http://www.w3.org/2002/07/owl#> 
PREFIX rdfs: <http://www.w3.org/2000/01/rdf-schema#> 
PREFIX sh: <http://www.w3.org/ns/shacl#>

CONSTRUCT {
	?shapeUrl a sh:NodeShape;
 	sh:property ?embeddedNode .
 	?embeddedNode a sh:PropertyShape;
		sh:maxCount ?cardinality;
		sh:minCount ?cardinality .
} WHERE {
    ?type a ?typeClassUrl . 
    VALUES ?typeClassUrl {owl:Class rdfs:Class}
    ?type rdfs:subClassOf ?owlPropertyRestriction .
    ?owlPropertyRestriction a owl:Restriction .
	OPTIONAL { ?owlPropertyRestriction owl:onProperty ?rangedProperty .
		?owlPropertyRestriction owl:cardinality ?cardinality . 
		BIND(URI(CONCAT('https://astrea.linkeddata.es/shapes#',MD5(CONCAT(STR(?type),STR(?rangedProperty))))) AS ?embeddedNode) .
	}
	FILTER (!isBlank(?type)) .
	BIND(URI(CONCAT('https://astrea.linkeddata.es/shapes#',MD5(STR(?type)))) AS ?shapeUrl) .
}"
Y;0;Maximum cardinality;owl:Class, owl:Restriction, rdfs:Class, owl:maxCardinality, owl:onProperty;sh:NodeShape,sh:property,sh:PropertyShape, sh:maxCount;Cardinality Constraints;"PREFIX owl: <http://www.w3.org/2002/07/owl#> 
PREFIX rdfs: <http://www.w3.org/2000/01/rdf-schema#> 
PREFIX sh: <http://www.w3.org/ns/shacl#>

CONSTRUCT {
	?shapeUrl a sh:NodeShape;
 	sh:property ?embeddedNode .
 	?embeddedNode a sh:PropertyShape;
		sh:maxCount ?maxCardinality .
} WHERE {
    ?type a ?typeClassUrl . 
    VALUES ?typeClassUrl {owl:Class rdfs:Class}
    ?type rdfs:subClassOf ?owlPropertyRestriction .
    ?owlPropertyRestriction a owl:Restriction .
	OPTIONAL { ?owlPropertyRestriction owl:onProperty ?rangedProperty .
		?owlPropertyRestriction owl:maxCardinality ?maxCardinality . 
	BIND(URI(CONCAT('https://astrea.linkeddata.es/shapes#',MD5(CONCAT(STR(?type),STR(?rangedProperty))))) AS ?embeddedNode) .
	}
	FILTER (!isBlank(?type)) .
	BIND(URI(CONCAT('https://astrea.linkeddata.es/shapes#',MD5(STR(?type)))) AS ?shapeUrl) .
}"
Y;0;Minimum cardinality;owl:Class, owl:Restriction, rdfs:Class, owl:minCardinality, owl:onProperty;sh:NodeShape,sh:property,sh:PropertyShape, sh:minCount;Cardinality Constraints;"PREFIX owl: <http://www.w3.org/2002/07/owl#> 
PREFIX rdfs: <http://www.w3.org/2000/01/rdf-schema#> 
PREFIX sh: <http://www.w3.org/ns/shacl#>

CONSTRUCT {
	?shapeUrl a sh:NodeShape;
 	sh:property ?embeddedNode .
 	?embeddedNode a sh:PropertyShape;
		sh:minCount ?minCardinality .
} WHERE {
    ?type a ?typeClassUrl . 
    VALUES ?typeClassUrl {owl:Class rdfs:Class}
    ?type rdfs:subClassOf ?owlPropertyRestriction .
    ?owlPropertyRestriction a owl:Restriction .
	OPTIONAL { ?owlPropertyRestriction owl:onProperty ?rangedProperty .
		?owlPropertyRestriction owl:minCardinality ?minCardinality . 
	BIND(URI(CONCAT('https://astrea.linkeddata.es/shapes#',MD5(CONCAT(STR(?type),STR(?rangedProperty))))) AS ?embeddedNode) .
	}
	FILTER (!isBlank(?type)) .
	BIND(URI(CONCAT('https://astrea.linkeddata.es/shapes#',MD5(STR(?type)))) AS ?shapeUrl) .
}"
Y;0;Universal restriction;owl:Class, rdfs:Class, owl:allValuesFrom, owl:Restriction;sh:NodeShape, sh:PropertyShape, sh:datatype, sh:class;Value Type Constraints;"PREFIX owl: <http://www.w3.org/2002/07/owl#> 
PREFIX rdfs: <http://www.w3.org/2000/01/rdf-schema#> 
PREFIX sh: <http://www.w3.org/ns/shacl#>
CONSTRUCT { 
 	?shapeUrl a sh:NodeShape;
 		sh:property ?embeddedNode .
 	?embeddedNode a sh:PropertyShape;
    		?variableRange ?valuesInRange .
} WHERE {
	?type a  ?typeClassUrl .
	VALUES ?typeClassUrl {owl:Class rdfs:Class}
	OPTIONAL {?type rdfs:subClassOf ?owlPropertyRestriction .
		?owlPropertyRestriction a owl:Restriction .
		OPTIONAL{ ?owlPropertyRestriction owl:onProperty ?rangedProperty .
				?owlPropertyRestriction owl:allValuesFrom ?valuesInRange .	
				BIND ( IF ( STRSTARTS(str(?valuesInRange),'http://www.w3.org/2001/XMLSchema#'), sh:datatype, sh:class ) AS ?variableRange )
		}
	BIND(URI(CONCAT('https://astrea.linkeddata.es/shapes#',MD5(CONCAT(STR(?type),STR(?rangedProperty))))) AS ?embeddedNode) .
	}
 	FILTER (!isBlank(?type)) .
 	BIND(URI(CONCAT('https://astrea.linkeddata.es/shapes#',MD5(STR(?type)))) AS ?shapeUrl) .
}"
Y;0;Complement of a class;owl:Class, rdfs:Class, owl:complementOf;sh:NodeShape,sh:not;Logical Constraint  Constraints;"PREFIX owl: <http://www.w3.org/2002/07/owl#> 
PREFIX rdfs: <http://www.w3.org/2000/01/rdf-schema#> 
PREFIX sh: <http://www.w3.org/ns/shacl#>
PREFIX rdf: <http://www.w3.org/1999/02/22-rdf-syntax-ns#>

CONSTRUCT {  
 	?shapeUrl a sh:NodeShape ;
 		sh:not ?complementTypeShape ; 
} WHERE {
 	?type a  ?typeClassUrl . 
	VALUES ?typeClassUrl {owl:Class rdfs:Class} .
	OPTIONAL { ?type owl:complementOf ?complementType . 
		BIND ( URI(CONCAT(STR(?complementType),'Shape')) AS ?complementTypeShape) .
		FILTER (!isBlank(?complementType))
	}
	FILTER (!isBlank(?type)) .
	BIND(URI(CONCAT('https://astrea.linkeddata.es/shapes#',MD5(STR(?type)))) AS ?shapeUrl) .
}"
Y;0;Disjoint with a class;owl:Class, rdfs:Class, owl:disjointWith;sh:NodeShape, sh:disjoint ;Property Pair  Constraints;"PREFIX owl: <http://www.w3.org/2002/07/owl#> 
PREFIX rdfs: <http://www.w3.org/2000/01/rdf-schema#> 
PREFIX sh: <http://www.w3.org/ns/shacl#>
CONSTRUCT { 
 	?shapeUrl a sh:NodeShape ; 
 		sh:disjoint ?disjointType . 
} WHERE {
 	?type a  ?typeClassUrl . 
	VALUES ?typeClassUrl {owl:Class rdfs:Class} .
 	?type owl:disjointWith ?disjointType .
 	FILTER (!isBlank(?type)) .
 	BIND(URI(CONCAT('https://astrea.linkeddata.es/shapes#',MD5(STR(?type)))) AS ?shapeUrl) .
}"
Y;0;Equivalent classes;owl:Class, rdfs:Class, owl:equivalentClass;sh:NodeShape, sh:equals;Property Pair  Constraints;"PREFIX owl: <http://www.w3.org/2002/07/owl#> 
PREFIX rdfs: <http://www.w3.org/2000/01/rdf-schema#> 
PREFIX sh: <http://www.w3.org/ns/shacl#>

CONSTRUCT { 
 	?shapeUrl a sh:NodeShape ; 
 		sh:equals ?sameAsType . 
} WHERE {
 	?type a  ?typeClassUrl . 
	VALUES ?typeClassUrl {owl:Class rdfs:Class} .
 	?type owl:equivalentClass ?sameAsType .
 	BIND(URI(CONCAT('https://astrea.linkeddata.es/shapes#',MD5(STR(?type)))) AS ?shapeUrl) .
}"
Y;0;Specific  values of a class;owl:Class, rdfs:Class, owl:hasValue;sh:NodeShape, sh:PropertyShape, sh:hasValue;Other Constraint;"PREFIX owl: <http://www.w3.org/2002/07/owl#> 
PREFIX rdfs: <http://www.w3.org/2000/01/rdf-schema#> 
PREFIX sh: <http://www.w3.org/ns/shacl#>

CONSTRUCT {  
 	?shapeUrl a sh:NodeShape;
 	sh:property ?embeddedNode .
 	?embeddedNode a sh:PropertyShape;
 		sh:hasValue ?hasValue .
} WHERE {
 	?type a ?typeClassUrl . 
	VALUES ?typeClassUrl {owl:Class rdfs:Class} .
	?type ?restrictionPredicate ?owlPropertyRestriction .
	VALUES ?restrictionPredicate { rdfs:subClassOf } .
	?owlPropertyRestriction owl:onProperty ?rangedProperty .
	?owlPropertyRestriction owl:hasValue ?hasValue .
	BIND(URI(CONCAT('https://astrea.linkeddata.es/shapes#',MD5(CONCAT(STR(?type),STR(?rangedProperty))))) AS ?embeddedNode) .
	FILTER (!isBlank(?type)) .
	BIND(URI(CONCAT('https://astrea.linkeddata.es/shapes#',MD5(STR(?type)))) AS ?shapeUrl) .
}"
Y;0;Maximum cardinality;owl:Class, rdfs:Class, owl:maxQualifiedCardinality,owl:onClass, owl:Restriction;sh:NodeShape, sh:property, sh:qualifiedMaxCount, sh:qualifiedValueShape, sh:class;Shape-based  Constraints;"PREFIX owl: <http://www.w3.org/2002/07/owl#>
PREFIX rdfs: <http://www.w3.org/2000/01/rdf-schema#> 
PREFIX sh: <http://www.w3.org/ns/shacl#>
PREFIX rdf: <http://www.w3.org/1999/02/22-rdf-syntax-ns#>
PREFIX xsd: <http://www.w3.org/2001/XMLSchema#>

CONSTRUCT {
	?shapeUrl a sh:NodeShape;
		sh:property ?embeddedNode .
	?embeddedNode sh:qualifiedMaxCount ?maxQualifiedCardinality;
		sh:qualifiedValueShape [ sh:class ?onClassRestriction  ] .
} WHERE {
	?type a  ?typeClassUrl .
	VALUES ?typeClassUrl { owl:Class rdfs:Class }
	?type rdfs:subClassOf ?owlPropertyRestriction .
	?owlPropertyRestriction a owl:Restriction .
	?owlPropertyRestriction owl:onProperty ?rangedProperty .
	?owlPropertyRestriction owl:maxQualifiedCardinality ?maxQualifiedCardinality . 
 	?owlPropertyRestriction owl:onClass ?onClassRestriction . 
	
	BIND(URI(CONCAT('https://astrea.linkeddata.es/shapes#',MD5(CONCAT(STR(?type),STR(?rangedProperty))))) AS ?embeddedNode) .

 	FILTER (!isBlank(?type)) .
 	BIND(URI(CONCAT('https://astrea.linkeddata.es/shapes#',MD5(STR(?type)))) AS ?shapeUrl) .
}"
Y;0;Enumerated class;owl:Class, rdfs:Class, owl:oneOf;sh:NodeShape, sh:in;Other Constraint;"PREFIX owl: <http://www.w3.org/2002/07/owl#> 
PREFIX rdfs: <http://www.w3.org/2000/01/rdf-schema#> 
PREFIX sh: <http://www.w3.org/ns/shacl#>
PREFIX rdf: <http://www.w3.org/1999/02/22-rdf-syntax-ns#>

CONSTRUCT {  
 	?shapeUrl a sh:NodeShape ;
 		sh:in ?inclusionTypesList . 
 	?inclusionTypesListRest rdf:first ?inclusionTypesListHeadShape ;
 		rdf:rest ?inclusionTypesListTailShape .
} WHERE {
 	?type a  ?typeClassUrl . 
	VALUES ?typeClassUrl {owl:Class rdfs:Class} .
	OPTIONAL { ?type owl:oneOf ?inclusionTypesList .
		?inclusionTypesList rdf:rest* ?inclusionTypesListRest .
		?inclusionTypesListRest rdf:first ?inclusionTypesListHead .
		?inclusionTypesListRest  rdf:rest ?inclusionTypesListTail .
		BIND ( IF ( ?inclusionTypesListHead != rdf:nil && !isBlank(?inclusionTypesListHead), URI(CONCAT(STR(?inclusionTypesListHead),'Shape')), ?inclusionTypesListHead ) AS ?inclusionTypesListHeadShape ) 
		BIND ( IF ( ?inclusionTypesListTail != rdf:nil && !isBlank(?inclusionTypesListTail), URI(CONCAT(STR(?inclusionTypesListTail),'Shape')), ?inclusionTypesListTail ) AS ?inclusionTypesListTailShape )
	}
	FILTER (!isBlank(?type)) .
	BIND(URI(CONCAT('https://astrea.linkeddata.es/shapes#',MD5(STR(?type)))) AS ?shapeUrl) .
}"
Y;0;Property definition;owl:Class, rdfs:Class, owl:onProperty, owl:Restriction;sh:NodeShape, sh:PropertyShape, sh:property, sh:path;Embedded sh:PropertyShapes;"PREFIX owl: <http://www.w3.org/2002/07/owl#> 
PREFIX rdfs: <http://www.w3.org/2000/01/rdf-schema#> 
PREFIX sh: <http://www.w3.org/ns/shacl#>

CONSTRUCT { 
 	?shapeUrl a sh:NodeShape;
 		sh:property ?embeddedNode .
 	?embeddedNode a sh:PropertyShape;
    		sh:path ?rangedProperty .
} WHERE {
	?type a  ?typeClassUrl .
	VALUES ?typeClassUrl {owl:Class rdfs:Class}
	?type rdfs:subClassOf ?owlPropertyRestriction .
	?owlPropertyRestriction a owl:Restriction .
	?owlPropertyRestriction owl:onProperty ?rangedProperty .
	BIND(URI(CONCAT('https://astrea.linkeddata.es/shapes#',MD5(CONCAT(STR(?type),STR(?rangedProperty))))) AS ?embeddedNode) .
	FILTER (!isBlank(?type))  	BIND(URI(CONCAT('https://astrea.linkeddata.es/shapes#',MD5(STR(?type)))) AS ?shapeUrl) .
}"
Y;0;Union of classes;owl:Class, rdfs:Class, owl:unionOf;sh:NodeShape, sh:or;Logical Constraint  Constraints;"PREFIX owl: <http://www.w3.org/2002/07/owl#> 
PREFIX rdfs: <http://www.w3.org/2000/01/rdf-schema#> 
PREFIX sh: <http://www.w3.org/ns/shacl#>
PREFIX rdf: <http://www.w3.org/1999/02/22-rdf-syntax-ns#>

CONSTRUCT { 
	?shapeUrl a sh:NodeShape;
		sh:or ?unionTypesList .
	?unionTypesListRest rdf:first ?unionTypesListHeadShape ;
		rdf:rest ?unionTypesListTailShape .
} WHERE {
	?type a  ?typeClassUrl .
	VALUES ?typeClassUrl {owl:Class rdfs:Class} .
	OPTIONAL {  
		?type owl:unionOf ?unionTypesList .
		?unionTypesList rdf:rest* ?unionTypesListRest . 
	    ?unionTypesListRest rdf:first ?unionTypesListHead . 
	    ?unionTypesListRest  rdf:rest ?unionTypesListTail .
	  	BIND ( IF ( ?unionTypesListHead != rdf:nil && !isBlank(?unionTypesListHead), URI(CONCAT(STR(?unionTypesListHead),'Shape')), ?unionTypesListHead ) AS ?unionTypesListHeadShape ) 
	  	BIND ( IF ( ?unionTypesListTail != rdf:nil && !isBlank(?unionTypesListTail), URI(CONCAT(STR(?unionTypesListTail),'Shape')), ?unionTypesListTail ) AS ?unionTypesListTailShape )
	}
	FILTER (!isBlank(?type)) .
	BIND(URI(CONCAT('https://astrea.linkeddata.es/shapes#',MD5(STR(?type)))) AS ?shapeUrl) .
}"
Y;0;Comment annotation;owl:Class, rdfs:Class, rdfs:comment;sh:NodeShape, sh:description;Non-Validating Property Shape Characteristics;"PREFIX owl: <http://www.w3.org/2002/07/owl#> 
PREFIX rdfs: <http://www.w3.org/2000/01/rdf-schema#> 
PREFIX sh: <http://www.w3.org/ns/shacl#>

CONSTRUCT { 
	?shapeUrl a sh:NodeShape;
 		sh:description ?shapeNodeDescription;
} WHERE {
    ?type a  ?typeClassUrl .
	VALUES ?typeClassUrl {owl:Class rdfs:Class} .
    ?type rdfs:comment ?shapeNodeDescription . 
 	FILTER (!isBlank(?type)) .
 	BIND(URI(CONCAT('https://astrea.linkeddata.es/shapes#',MD5(STR(?type)))) AS ?shapeUrl) .
}"
Y;0;Label annotation;owl:Class, rdfs:Class, rdfs:label;sh:NodeShape,sh:name, rdfs:label;Non-Validating Property Shape Characteristics;"PREFIX owl: <http://www.w3.org/2002/07/owl#> 
PREFIX rdfs: <http://www.w3.org/2000/01/rdf-schema#> 
PREFIX sh: <http://www.w3.org/ns/shacl#>

CONSTRUCT { 
	?shapeUrl a sh:NodeShape;
		sh:name ?shapeNodeName;
		rdfs:label ?shapeNodeName .
} WHERE {
    ?type a  ?typeClassUrl .
	VALUES ?typeClassUrl {owl:Class rdfs:Class} .
	?type rdfs:label ?shapeNodeName .
 	FILTER (!isBlank(?type)) .
 	BIND(URI(CONCAT('https://astrea.linkeddata.es/shapes#',MD5(STR(?type)))) AS ?shapeUrl) .
}"
Y;0;Complement of a class;owl:Class,rdfs:Class, owl:complementOf, owl:onProperty, owl:Restriction;sh:NodeShape,sh:not, sh:PropertyShape, sh:hasValue, sh:path;REVIEW Logical Constraint  Constraints;"PREFIX owl: <http://www.w3.org/2002/07/owl#> 
PREFIX rdfs: <http://www.w3.org/2000/01/rdf-schema#> 
PREFIX sh: <http://www.w3.org/ns/shacl#>
PREFIX rdf: <http://www.w3.org/1999/02/22-rdf-syntax-ns#>

CONSTRUCT {  
 	?shapeUrl a sh:NodeShape ;
		sh:not  ?embeddedNode .
 	?embeddedNode a sh:PropertyShape;
		sh:hasValue ?complementaryPropertyRange;
		sh:path ?complementaryProperty .

} WHERE {
 	?type a  ?typeClassUrl . 
	VALUES ?typeClassUrl {owl:Class rdfs:Class} .
	?type owl:complementOf ?owlPropertyRestriction .
	?owlPropertyRestriction a owl:Restriction .
	?owlPropertyRestriction owl:onProperty ?complementaryProperty .
	?owlPropertyRestriction owl:hasValue ?complementaryPropertyRange .
	BIND(URI(CONCAT('https://astrea.linkeddata.es/shapes#',MD5(CONCAT(STR(?type),STR(?complementaryProperty))))) AS ?embeddedNode) .	
	FILTER (!isBlank(?type)) .
	BIND(URI(CONCAT('https://astrea.linkeddata.es/shapes#',MD5(STR(?type)))) AS ?shapeUrl) .
}"
Y;0;Datatype definition;owl:DatatypeProperty, rdfs:Datatype;sh:PropertyShape, sh:nodeKind, sh:Literal;Value Type Constraints;"PREFIX owl: <http://www.w3.org/2002/07/owl#> 
PREFIX rdfs: <http://www.w3.org/2000/01/rdf-schema#> 
PREFIX sh: <http://www.w3.org/ns/shacl#>
PREFIX rdf: <http://www.w3.org/1999/02/22-rdf-syntax-ns#>
PREFIX xsd: <http://www.w3.org/2001/XMLSchema#>

CONSTRUCT {
	?shapeUrl a sh:PropertyShape;
		sh:nodeKind sh:Literal; 
} WHERE {
	?property a ?propertyType .
	VALUES ?propertyType {owl:DatatypeProperty rdfs:Datatype}
 	FILTER (!isBlank(?property)) .
 	BIND(URI(CONCAT('https://astrea.linkeddata.es/shapes#',MD5(STR(?type)))) AS ?shapeUrl) .
}"
Y;0;Maximum Exclusive restriction;owl:DatatypeProperty, owl:onDatatype, owl:withRestrictions, xsd:maxExclusive;sh:PropertyShape, sh:maxExclusive;String-based Constraints;"PREFIX owl: <http://www.w3.org/2002/07/owl#> 
PREFIX rdfs: <http://www.w3.org/2000/01/rdf-schema#> 
PREFIX sh: <http://www.w3.org/ns/shacl#>
PREFIX rdf: <http://www.w3.org/1999/02/22-rdf-syntax-ns#>
PREFIX xsd: <http://www.w3.org/2001/XMLSchema#>

CONSTRUCT {
  ?shapeUrl a sh:PropertyShape .
  ?shapeUrl sh:maxExclusive ?restrictionMax .
} WHERE {
	?property a ?propertyType .
	VALUES ?propertyType {owl:DatatypeProperty rdfs:Datatype}
 	OPTIONAL { ?property owl:withRestrictions ?restrictionsList .
 		?restrictionsList rdf:rest*/rdf:first ?restrictionElement .
 		OPTIONAL { ?restrictionElement xsd:maxExclusive ?restrictionMax . }
 	}
 	FILTER (!isBlank(?property)) .
 	BIND(URI(CONCAT('https://astrea.linkeddata.es/shapes#',MD5(STR(?type)))) AS ?shapeUrl) .
 }
"
Y;0;Maximum Inclusive restriction;owl:DatatypeProperty, owl:onDatatype, owl:withRestrictions, xsd:maxInclusive;sh:PropertyShape, sh:maxInclusive;String-based Constraints;"PREFIX owl: <http://www.w3.org/2002/07/owl#> 
PREFIX rdfs: <http://www.w3.org/2000/01/rdf-schema#> 
PREFIX sh: <http://www.w3.org/ns/shacl#>
PREFIX rdf: <http://www.w3.org/1999/02/22-rdf-syntax-ns#>
PREFIX xsd: <http://www.w3.org/2001/XMLSchema#>

CONSTRUCT {
  ?shapeUrl a sh:PropertyShape .
  ?shapeUrl sh:maxInclusive ?restrictionMax .
} WHERE {
	?property a ?propertyType .
	VALUES ?propertyType {owl:DatatypeProperty rdfs:Datatype}
 	OPTIONAL { ?property owl:withRestrictions ?restrictionsList .
 		?restrictionsList rdf:rest*/rdf:first ?restrictionElement .
 		OPTIONAL { ?restrictionElement xsd:maxInclusive ?restrictionMax . }
 	}
 	FILTER (!isBlank(?property)) .
 	BIND(URI(CONCAT('https://astrea.linkeddata.es/shapes#',MD5(STR(?type)))) AS ?shapeUrl) .
 }
"
Y;0;Maximum length restriction;owl:DatatypeProperty, owl:onDatatype, owl:withRestrictions, xsd:maxLength;sh:PropertyShape, sh:maxLength;String-based Constraints;"PREFIX owl: <http://www.w3.org/2002/07/owl#> 
PREFIX rdfs: <http://www.w3.org/2000/01/rdf-schema#> 
PREFIX sh: <http://www.w3.org/ns/shacl#>
PREFIX rdf: <http://www.w3.org/1999/02/22-rdf-syntax-ns#>
PREFIX xsd: <http://www.w3.org/2001/XMLSchema#>

CONSTRUCT {
  ?shapeUrl a sh:PropertyShape .
  ?shapeUrl sh:maxLength ?restrictionMax .
} WHERE {
	?property a ?propertyType .
	VALUES ?propertyType {owl:DatatypeProperty rdfs:Datatype}
 	OPTIONAL { ?property owl:withRestrictions ?restrictionsList .
 		?restrictionsList rdf:rest*/rdf:first ?restrictionElement .
 		OPTIONAL { ?restrictionElement xsd:maxLength ?restrictionMax . }
 	}
 	FILTER (!isBlank(?property)) .
 	BIND(URI(CONCAT('https://astrea.linkeddata.es/shapes#',MD5(STR(?type)))) AS ?shapeUrl) .
 }
"
Y;0;Minimum length restriction;owl:DatatypeProperty, owl:onDatatype, owl:withRestrictions, xsd:minExclusive;sh:PropertyShape, sh:minExclusive;String-based Constraints;"PREFIX owl: <http://www.w3.org/2002/07/owl#> 
PREFIX rdfs: <http://www.w3.org/2000/01/rdf-schema#> 
PREFIX sh: <http://www.w3.org/ns/shacl#>
PREFIX rdf: <http://www.w3.org/1999/02/22-rdf-syntax-ns#>
PREFIX xsd: <http://www.w3.org/2001/XMLSchema#>

CONSTRUCT {
  ?shapeUrl a sh:PropertyShape .
  ?shapeUrl sh:minExclusive ?restrictionMin .
} WHERE {
	?property a ?propertyType .
	VALUES ?propertyType {owl:DatatypeProperty rdfs:Datatype}
 	?property owl:withRestrictions ?restrictionsList .
 	?restrictionsList rdf:rest*/rdf:first ?restrictionElement .
 		OPTIONAL { ?restrictionElement xsd:minExclusive ?restrictionMin . }
 	FILTER (!isBlank(?property)) .
 	BIND(URI(CONCAT('https://astrea.linkeddata.es/shapes#',MD5(STR(?type)))) AS ?shapeUrl) .
 }
"
Y;0;Minimum inclusive restriction;owl:DatatypeProperty, owl:onDatatype, owl:withRestrictions, xsd:minInclusive;sh:PropertyShape, sh:minInclusive;String-based Constraints;"PREFIX owl: <http://www.w3.org/2002/07/owl#> 
PREFIX rdfs: <http://www.w3.org/2000/01/rdf-schema#> 
PREFIX sh: <http://www.w3.org/ns/shacl#>
PREFIX rdf: <http://www.w3.org/1999/02/22-rdf-syntax-ns#>
PREFIX xsd: <http://www.w3.org/2001/XMLSchema#>

CONSTRUCT {
  ?shapeUrl a sh:PropertyShape .
  ?shapeUrl sh:minInclusive ?restrictionMin .
} WHERE {
	?property a ?propertyType .
	VALUES ?propertyType {owl:DatatypeProperty rdfs:Datatype}
 	?property owl:withRestrictions ?restrictionsList .
 	?restrictionsList rdf:rest*/rdf:first ?restrictionElement .
 		OPTIONAL { ?restrictionElement xsd:minInclusive ?restrictionMin . }
 	FILTER (!isBlank(?property)) .
 	BIND(URI(CONCAT('https://astrea.linkeddata.es/shapes#',MD5(STR(?type)))) AS ?shapeUrl) .
 }
"
Y;0;Minumum length restriction;owl:DatatypeProperty, owl:onDatatype, owl:withRestrictions, xsd:minLength;sh:PropertyShape, sh:minLength;String-based Constraints;"PREFIX owl: <http://www.w3.org/2002/07/owl#> 
PREFIX rdfs: <http://www.w3.org/2000/01/rdf-schema#> 
PREFIX sh: <http://www.w3.org/ns/shacl#>
PREFIX rdf: <http://www.w3.org/1999/02/22-rdf-syntax-ns#>
PREFIX xsd: <http://www.w3.org/2001/XMLSchema#>

CONSTRUCT {
  ?shapeUrl a sh:PropertyShape .
  ?shapeUrl sh:minLength ?restrictionMin .
} WHERE {
	?property a ?propertyType .
	VALUES ?propertyType {owl:DatatypeProperty rdfs:Datatype}
 	?property owl:withRestrictions ?restrictionsList .
 	?restrictionsList rdf:rest*/rdf:first ?restrictionElement .
 		OPTIONAL { ?restrictionElement xsd:minLength ?restrictionMin . }
 	FILTER (!isBlank(?property)) .
 	BIND(URI(CONCAT('https://astrea.linkeddata.es/shapes#',MD5(STR(?type)))) AS ?shapeUrl) .
 }
"
Y;0;Minimum length restriction;owl:DatatypeProperty, owl:onDatatype, owl:withRestrictions, xsd:minLength;sh:PropertyShape, sh:maxLength, sh:minLength;String-based Constraints;"PREFIX owl: <http://www.w3.org/2002/07/owl#> 
PREFIX rdfs: <http://www.w3.org/2000/01/rdf-schema#> 
PREFIX sh: <http://www.w3.org/ns/shacl#>
PREFIX rdf: <http://www.w3.org/1999/02/22-rdf-syntax-ns#>
PREFIX xsd: <http://www.w3.org/2001/XMLSchema#>

CONSTRUCT {
  ?shapeUrl a sh:PropertyShape .
  ?shapeUrl sh:maxLength ?restrictionLength .
  ?shapeUrl sh:minLength ?restrictionLength .
} WHERE {
	?property a ?propertyType .
	VALUES ?propertyType {owl:DatatypeProperty rdfs:Datatype}
 	?property owl:withRestrictions ?restrictionsList .
 	?restrictionsList rdf:rest*/rdf:first ?restrictionElement .
 		OPTIONAL { ?restrictionElement xsd:length ?restrictionLength . }
 	FILTER (!isBlank(?property)) .
 	BIND(URI(CONCAT('https://astrea.linkeddata.es/shapes#',MD5(STR(?type)))) AS ?shapeUrl) .
 }
"
Y;0;Range of a datatype;owl:DatatypeProperty, rdfs:Datatype, rdfs:range;sh:PropertyShape, sh:datatype;Value Type Constraints;"PREFIX owl: <http://www.w3.org/2002/07/owl#> 
PREFIX rdfs: <http://www.w3.org/2000/01/rdf-schema#> 
PREFIX sh: <http://www.w3.org/ns/shacl#>
PREFIX rdf: <http://www.w3.org/1999/02/22-rdf-syntax-ns#>

CONSTRUCT { ?shapeUrl a sh:PropertyShape ;
				sh:datatype ?typeInRange .
} WHERE {
	?property a ?propertyType .
	VALUES ?propertyType {owl:DatatypeProperty rdfs:Datatype}
	?property rdfs:range ?typeInRange.
 	FILTER (!isBlank(?property)) .
 	BIND(URI(CONCAT('https://astrea.linkeddata.es/shapes#',MD5(STR(?type)))) AS ?shapeUrl) .
}"
Y;0;Equivalent classes;owl:equivalentProperty, owl:ObjectProperty, owl:DatatypeProperty, rdf:Property, rdfs:Datatype;sh:PropertyShape, sh:equals;Property Pair  Constraints;"PREFIX owl: <http://www.w3.org/2002/07/owl#> 
PREFIX rdfs: <http://www.w3.org/2000/01/rdf-schema#> 
PREFIX sh: <http://www.w3.org/ns/shacl#>
PREFIX rdf: <http://www.w3.org/1999/02/22-rdf-syntax-ns#>

CONSTRUCT {  ?shapeUrl a sh:PropertyShape .
			   ?shapeUrl sh:equivalent ?equivalentProperty .
} WHERE {
	?property a ?propertyType .
	VALUES ?propertyType { owl:ObjectProperty owl:DatatypeProperty rdf:Property rdfs:Datatype } .
	MINUS { ?propertyType a owl:InverseFunctionalProperty } .
	MINUS { ?propertyType a owl:FunctionalProperty } .						 
	OPTIONAL { ?property owl:equivalentProperty ?equivalentProperty . }
	BIND(URI(CONCAT('https://astrea.linkeddata.es/shapes#',MD5(STR(?type)))) AS ?shapeUrl) .
}
"
Y;0;Inverse Functional Property;owl:InverseFunctionalProperty;sh:PropertyShape, sh:inversePath, sh:maxCount;Property Paths and Cardinality Constraint Components;"PREFIX owl: <http://www.w3.org/2002/07/owl#>
PREFIX sh: <http://www.w3.org/ns/shacl#>

CONSTRUCT { 
	?shapeUrl a sh:PropertyShape;
		sh:maxCount 1;
		sh:inversePath ?property .
} WHERE { 
	?property a owl:InverseFunctionalProperty .
	BIND(URI(CONCAT('https://astrea.linkeddata.es/shapes#',MD5(STR(?type)))) AS ?shapeUrl) .
}"
Y;0;isDefinedBy annotation;owl:ObjectProperty, owl:DatatypeProperty, rdfs:Datatype, rdfs:isDefinedBy;sh:PropertyShape, rdfs:isDefinedBy;Non-Validating Property Shape Characteristics;"PREFIX owl: <http://www.w3.org/2002/07/owl#> 
PREFIX rdfs: <http://www.w3.org/2000/01/rdf-schema#> 
PREFIX sh: <http://www.w3.org/ns/shacl#>

CONSTRUCT {  ?shapeUrl a sh:PropertyShape;
				rdfs:isDefinedBy ?shapePropertyDefinedBy .
} WHERE { 
		?property a ?propertyType .
		VALUES ?propertyType {owl:ObjectProperty owl:DatatypeProperty rdfs:Datatype } .
		?property rdfs:isDefinedBy ?shapePropertyDefinedBy .
		FILTER (!isBlank(?property)) .
		BIND(URI(CONCAT('https://astrea.linkeddata.es/shapes#',MD5(STR(?type)))) AS ?shapeUrl) .
}"
Y;0;Label annotation;owl:ObjectProperty, owl:DatatypeProperty, rdfs:Datatype, rdfs:label;sh:PropertyShape, sh:name, rdfs:label;Non-Validating Property Shape Characteristics;"PREFIX owl: <http://www.w3.org/2002/07/owl#> 
PREFIX rdfs: <http://www.w3.org/2000/01/rdf-schema#> 
PREFIX sh: <http://www.w3.org/ns/shacl#>

CONSTRUCT {  ?shapeUrl a sh:PropertyShape;
				sh:name  ?propertyName;
				rdfs:label  ?propertyName .
} WHERE { 
	?property a ?propertyType .
	VALUES ?propertyType {owl:ObjectProperty owl:DatatypeProperty rdfs:Datatype } .
	OPTIONAL { ?property rdfs:label ?propertyName . }
	FILTER (!isBlank(?property)) .
	BIND(URI(CONCAT('https://astrea.linkeddata.es/shapes#',MD5(STR(?type)))) AS ?shapeUrl) .
}"
Y;0;seeAlso annotation;owl:ObjectProperty, owl:DatatypeProperty, rdfs:Datatype, rdfs:seeAlso ;sh:PropertyShape, rdfs:seeAlso;Non-Validating Property Shape Characteristics;"PREFIX owl: <http://www.w3.org/2002/07/owl#> 
PREFIX rdfs: <http://www.w3.org/2000/01/rdf-schema#> 
PREFIX sh: <http://www.w3.org/ns/shacl#>

CONSTRUCT {  ?shapeUrl a sh:PropertyShape;
				rdfs:seeAlso ?shapePropertySeeAlso .
			   
} WHERE { 
	?property a ?propertyType .
	VALUES ?propertyType {owl:ObjectProperty owl:DatatypeProperty rdfs:Datatype } .
	?property rdfs:seeAlso ?shapePropertySeeAlso .
	FILTER (!isBlank(?property)) .
	BIND(URI(CONCAT('https://astrea.linkeddata.es/shapes#',MD5(STR(?type)))) AS ?shapeUrl) .
}"
Y;0;Pattern restriction;owl:DatatypeProperty, rdfs:Datatype, owl:withRestrictions, xsd:pattern;sh:PropertyShape, sh:pattern;String-based Constraints;"PREFIX owl: <http://www.w3.org/2002/07/owl#> 
PREFIX rdfs: <http://www.w3.org/2000/01/rdf-schema#> 
PREFIX sh: <http://www.w3.org/ns/shacl#>
PREFIX rdf: <http://www.w3.org/1999/02/22-rdf-syntax-ns#>
PREFIX xsd: <http://www.w3.org/2001/XMLSchema#>

CONSTRUCT {
  ?shapeUrl a sh:PropertyShape .
  ?shapeUrl sh:pattern  ?restrictionPattern  .
 } WHERE { 
 	?property a ?propertyType .
	VALUES ?propertyType {owl:DatatypeProperty rdfs:Datatype}
 	?property owl:withRestrictions ?restrictionsList .
 	?restrictionsList rdf:rest*/rdf:first ?restrictionElement .
 	OPTIONAL { ?restrictionElement xsd:pattern ?restrictionPattern . }
 	FILTER (!isBlank(?property)) .
 	BIND(URI(CONCAT('https://astrea.linkeddata.es/shapes#',MD5(STR(?type)))) AS ?shapeUrl) .
}"
Y;0;Pattern restriction;owl:DatatypeProperty, rdfs:Datatype, rdfs:range, xsd:decimal;sh:PropertyShape, sh:pattern;String-based Constraints;"PREFIX owl: <http://www.w3.org/2002/07/owl#> 
PREFIX rdfs: <http://www.w3.org/2000/01/rdf-schema#> 
PREFIX sh: <http://www.w3.org/ns/shacl#>
PREFIX rdf: <http://www.w3.org/1999/02/22-rdf-syntax-ns#>
PREFIX xsd: <http://www.w3.org/2001/XMLSchema#>

CONSTRUCT {
  ?shapeUrl a sh:PropertyShape .
  ?shapeUrl sh:pattern '(\\\\+|-)?([0-9]+(\\\\.[0-9]*)?|\\\\.[0-9]+)'^^xsd:string. 
 } WHERE { 
 	?property a ?propertyType .
	VALUES ?propertyType {owl:DatatypeProperty rdfs:Datatype }
 	OPTIONAL { 
 		?property owl:withRestrictions ?restrictionsList .
 		?restrictionsList rdf:rest*/rdf:first ?restrictionElement .
 		FILTER NOT EXISTS { ?restrictionElement xsd:pattern ?restrictionPattern . }
 	}
	?property rdfs:range xsd:decimal .  
	FILTER (!isBlank(?property)) .
 	BIND(URI(CONCAT('https://astrea.linkeddata.es/shapes#',MD5(STR(?type)))) AS ?shapeUrl) .
}"
Y;0;Pattern restriction;owl:DatatypeProperty, rdfs:Datatype, rdfs:range, xsd:float;sh:PropertyShape, sh:pattern;String-based Constraints;"PREFIX owl: <http://www.w3.org/2002/07/owl#> 
PREFIX rdfs: <http://www.w3.org/2000/01/rdf-schema#> 
PREFIX sh: <http://www.w3.org/ns/shacl#>
PREFIX rdf: <http://www.w3.org/1999/02/22-rdf-syntax-ns#>
PREFIX xsd: <http://www.w3.org/2001/XMLSchema#>

CONSTRUCT {
  ?shapeUrl a sh:PropertyShape .
  ?shapeUrl sh:pattern '(\\\\+|-)?([0-9]+(\\\\.[0-9]*)?|\\\\.[0-9]+)([Ee](\\\\+|-)?[0-9]+)?|(\\\\+|-)?INF|NaN'^^xsd:string. 
 } WHERE { 
 	?property a ?propertyType .
	VALUES ?propertyType {owl:DatatypeProperty rdfs:Datatype }
 	OPTIONAL { 
 		?property owl:withRestrictions ?restrictionsList .
 		?restrictionsList rdf:rest*/rdf:first ?restrictionElement .
 		FILTER NOT EXISTS { ?restrictionElement xsd:pattern ?restrictionPattern . }
 	}
	?property rdfs:range xsd:float .  
	FILTER (!isBlank(?property)) .
 	BIND(URI(CONCAT('https://astrea.linkeddata.es/shapes#',MD5(STR(?type)))) AS ?shapeUrl) .
}"
Y;0;Pattern restriction;owl:DatatypeProperty, rdfs:Datatype, rdfs:range, xsd:double;sh:PropertyShape, sh:pattern;String-based Constraints;"PREFIX owl: <http://www.w3.org/2002/07/owl#> 
PREFIX rdfs: <http://www.w3.org/2000/01/rdf-schema#> 
PREFIX sh: <http://www.w3.org/ns/shacl#>
PREFIX rdf: <http://www.w3.org/1999/02/22-rdf-syntax-ns#>
PREFIX xsd: <http://www.w3.org/2001/XMLSchema#>

CONSTRUCT {
  ?shapeUrl a sh:PropertyShape .
  ?shapeUrl sh:pattern '(\\\\+|-)?([0-9]+(\\\\.[0-9]*)?|\\\\.[0-9]+)([Ee](\\\\+|-)?[0-9]+)? |(\\\\+|-)?INF|NaN'^^xsd:string. 
 } WHERE { 
 	?property a ?propertyType .
	VALUES ?propertyType {owl:DatatypeProperty rdfs:Datatype }
 	OPTIONAL { 
 		?property owl:withRestrictions ?restrictionsList .
 		?restrictionsList rdf:rest*/rdf:first ?restrictionElement .
 		FILTER NOT EXISTS { ?restrictionElement xsd:pattern ?restrictionPattern . }
 	}
	?property rdfs:range xsd:double .  
	FILTER (!isBlank(?property)) .
 	BIND(URI(CONCAT('https://astrea.linkeddata.es/shapes#',MD5(STR(?type)))) AS ?shapeUrl) .
}"
Y;0;Pattern restriction;owl:DatatypeProperty, rdfs:Datatype, rdfs:range, xsd:duration;sh:PropertyShape, sh:pattern;String-based Constraints;"PREFIX owl: <http://www.w3.org/2002/07/owl#> 
PREFIX rdfs: <http://www.w3.org/2000/01/rdf-schema#> 
PREFIX sh: <http://www.w3.org/ns/shacl#>
PREFIX rdf: <http://www.w3.org/1999/02/22-rdf-syntax-ns#>
PREFIX xsd: <http://www.w3.org/2001/XMLSchema#>

CONSTRUCT {
  ?shapeUrl a sh:PropertyShape .
  ?shapeUrl sh:pattern '-?P((([0-9]+Y([0-9]+M)?([0-9]+D)?|([0-9]+M)([0-9]+D)?|([0-9]+D))(T(([0-9]+H)([0-9]+M)?([0-9]+(\\\\.[0-9]+)?S)?|([0-9]+M)([0-9]+(\\\\.[0-9]+)?S)?|([0-9]+(\\\\.[0-9]+)?S)))?)|(T(([0-9]+H)([0-9]+M)?([0-9]+(\\\\.[0-9]+)?S)?|([0-9]+M)([0-9]+(\\\\.[0-9]+)?S)?|([0-9]+(\\\\.[0-9]+)?S))))'^^xsd:string. 
 } WHERE { 
 	?property a ?propertyType .
	VALUES ?propertyType {owl:DatatypeProperty rdfs:Datatype }
 	OPTIONAL { 
 		?property owl:withRestrictions ?restrictionsList .
 		?restrictionsList rdf:rest*/rdf:first ?restrictionElement .
 		FILTER NOT EXISTS { ?restrictionElement xsd:pattern ?restrictionPattern . }
 	}
	?property rdfs:range xsd:duration .  
	FILTER (!isBlank(?property)) .
 	BIND(URI(CONCAT('https://astrea.linkeddata.es/shapes#',MD5(STR(?type)))) AS ?shapeUrl) .
}"
Y;0;Pattern restriction;owl:DatatypeProperty, rdfs:Datatype, rdfs:range, xsd:time;sh:PropertyShape, sh:pattern;String-based Constraints;"PREFIX owl: <http://www.w3.org/2002/07/owl#> 
PREFIX rdfs: <http://www.w3.org/2000/01/rdf-schema#> 
PREFIX sh: <http://www.w3.org/ns/shacl#>
PREFIX rdf: <http://www.w3.org/1999/02/22-rdf-syntax-ns#>
PREFIX xsd: <http://www.w3.org/2001/XMLSchema#>

CONSTRUCT {
  ?shapeUrl a sh:PropertyShape .
  ?shapeUrl sh:pattern '(([01][0-9]|2[0-3]):[0-5][0-9]:[0-5][0-9](\\\\.[0-9]+)?|(24:00:00(\\\\.0+)?))(Z|(\\\\+|-)((0[0-9]|1[0-3]):[0-5][0-9]|14:00))?'^^xsd:string. 
 } WHERE { 
 	?property a ?propertyType .
	VALUES ?propertyType {owl:DatatypeProperty rdfs:Datatype }
 	OPTIONAL { 
 		?property owl:withRestrictions ?restrictionsList .
 		?restrictionsList rdf:rest*/rdf:first ?restrictionElement .
 		FILTER NOT EXISTS { ?restrictionElement xsd:pattern ?restrictionPattern . }
 	}
	?property rdfs:range xsd:time .  
	FILTER (!isBlank(?property)) .
 	BIND(URI(CONCAT('https://astrea.linkeddata.es/shapes#',MD5(STR(?type)))) AS ?shapeUrl) .
}"
Y;0;Pattern restriction;owl:DatatypeProperty, rdfs:Datatype, rdfs:range, xsd:boolean;sh:PropertyShape, sh:pattern;String-based Constraints;"PREFIX owl: <http://www.w3.org/2002/07/owl#> 
PREFIX rdfs: <http://www.w3.org/2000/01/rdf-schema#> 
PREFIX sh: <http://www.w3.org/ns/shacl#>
PREFIX rdf: <http://www.w3.org/1999/02/22-rdf-syntax-ns#>
PREFIX xsd: <http://www.w3.org/2001/XMLSchema#>

CONSTRUCT {
  ?shapeUrl a sh:PropertyShape .
  ?shapeUrl sh:pattern 'true|false|0|1'^^xsd:string. 
 } WHERE { 
 	?property a ?propertyType .
	VALUES ?propertyType {owl:DatatypeProperty rdfs:Datatype }
 	OPTIONAL { 
 		?property owl:withRestrictions ?restrictionsList .
 		?restrictionsList rdf:rest*/rdf:first ?restrictionElement .
 		FILTER NOT EXISTS { ?restrictionElement xsd:pattern ?restrictionPattern . }
 	}
	?property rdfs:range xsd:boolean .  
	FILTER (!isBlank(?property)) .
 	BIND(URI(CONCAT('https://astrea.linkeddata.es/shapes#',MD5(STR(?type)))) AS ?shapeUrl) .
}"
Y;0;Pattern restriction;owl:DatatypeProperty, rdfs:Datatype, rdfs:range, xsd:gMonthDay;sh:PropertyShape, sh:pattern;String-based Constraints;"PREFIX owl: <http://www.w3.org/2002/07/owl#> 
PREFIX rdfs: <http://www.w3.org/2000/01/rdf-schema#> 
PREFIX sh: <http://www.w3.org/ns/shacl#>
PREFIX rdf: <http://www.w3.org/1999/02/22-rdf-syntax-ns#>
PREFIX xsd: <http://www.w3.org/2001/XMLSchema#>

CONSTRUCT {
  ?shapeUrl a sh:PropertyShape .
  ?shapeUrl sh:pattern '--(0[1-9]|1[0-2])-(0[1-9]|[12][0-9]|3[01])(Z|(\\\\+|-)((0[0-9]|1[0-3]):[0-5][0-9]|14:00))?'^^xsd:string. 
 } WHERE { 
 	?property a ?propertyType .
	VALUES ?propertyType {owl:DatatypeProperty rdfs:Datatype }
 	OPTIONAL { 
 		?property owl:withRestrictions ?restrictionsList .
 		?restrictionsList rdf:rest*/rdf:first ?restrictionElement .
 		FILTER NOT EXISTS { ?restrictionElement xsd:pattern ?restrictionPattern . }
 	}
	?property rdfs:range xsd:gMonthDay .  
	FILTER (!isBlank(?property)) .
 	BIND(URI(CONCAT('https://astrea.linkeddata.es/shapes#',MD5(STR(?type)))) AS ?shapeUrl) .
}"
Y;0;Pattern restriction;owl:DatatypeProperty, rdfs:Datatype, rdfs:range, xsd:gDay;sh:PropertyShape, sh:pattern;String-based Constraints;"PREFIX owl: <http://www.w3.org/2002/07/owl#> 
PREFIX rdfs: <http://www.w3.org/2000/01/rdf-schema#> 
PREFIX sh: <http://www.w3.org/ns/shacl#>
PREFIX rdf: <http://www.w3.org/1999/02/22-rdf-syntax-ns#>
PREFIX xsd: <http://www.w3.org/2001/XMLSchema#>

CONSTRUCT {
  ?shapeUrl a sh:PropertyShape .
  ?shapeUrl sh:pattern '---(0[1-9]|[12][0-9]|3[01])(Z|(\\\\+|-)((0[0-9]|1[0-3]):[0-5][0-9]|14:00))?'^^xsd:string. 
 } WHERE { 
 	?property a ?propertyType .
	VALUES ?propertyType {owl:DatatypeProperty rdfs:Datatype }
 	OPTIONAL { 
 		?property owl:withRestrictions ?restrictionsList .
 		?restrictionsList rdf:rest*/rdf:first ?restrictionElement .
 		FILTER NOT EXISTS { ?restrictionElement xsd:pattern ?restrictionPattern . }
 	}
	?property rdfs:range xsd:gDay .  
	FILTER (!isBlank(?property)) .
 	BIND(URI(CONCAT('https://astrea.linkeddata.es/shapes#',MD5(STR(?type)))) AS ?shapeUrl) .
}"
Y;0;Pattern restriction;owl:DatatypeProperty, rdfs:Datatype, rdfs:range, xsd:gMonth;sh:PropertyShape, sh:pattern;String-based Constraints;"PREFIX owl: <http://www.w3.org/2002/07/owl#> 
PREFIX rdfs: <http://www.w3.org/2000/01/rdf-schema#> 
PREFIX sh: <http://www.w3.org/ns/shacl#>
PREFIX rdf: <http://www.w3.org/1999/02/22-rdf-syntax-ns#>
PREFIX xsd: <http://www.w3.org/2001/XMLSchema#>

CONSTRUCT {
  ?shapeUrl a sh:PropertyShape .
  ?shapeUrl sh:pattern '--(0[1-9]|1[0-2])(Z|(\\\\+|-)((0[0-9]|1[0-3]):[0-5][0-9]|14:00))?'^^xsd:string. 
 } WHERE { 
 	?property a ?propertyType .
	VALUES ?propertyType {owl:DatatypeProperty rdfs:Datatype }
 	OPTIONAL { 
 		?property owl:withRestrictions ?restrictionsList .
 		?restrictionsList rdf:rest*/rdf:first ?restrictionElement .
 		FILTER NOT EXISTS { ?restrictionElement xsd:pattern ?restrictionPattern . }
 	}
	?property rdfs:range xsd:gMonth .  
	FILTER (!isBlank(?property)) .
 	BIND(URI(CONCAT('https://astrea.linkeddata.es/shapes#',MD5(STR(?type)))) AS ?shapeUrl) .
}"
Y;0;Pattern restriction;owl:DatatypeProperty, rdfs:Datatype, rdfs:range, xsd:hexBinary;sh:PropertyShape, sh:pattern;String-based Constraints;"PREFIX owl: <http://www.w3.org/2002/07/owl#> 
PREFIX rdfs: <http://www.w3.org/2000/01/rdf-schema#> 
PREFIX sh: <http://www.w3.org/ns/shacl#>
PREFIX rdf: <http://www.w3.org/1999/02/22-rdf-syntax-ns#>
PREFIX xsd: <http://www.w3.org/2001/XMLSchema#>

CONSTRUCT {
  ?shapeUrl a sh:PropertyShape .
  ?shapeUrl sh:pattern '([0-9a-fA-F]{2})*'^^xsd:string. 
 } WHERE { 
 	?property a ?propertyType .
	VALUES ?propertyType {owl:DatatypeProperty rdfs:Datatype }
 	OPTIONAL { 
 		?property owl:withRestrictions ?restrictionsList .
 		?restrictionsList rdf:rest*/rdf:first ?restrictionElement .
 		FILTER NOT EXISTS { ?restrictionElement xsd:pattern ?restrictionPattern . }
 	}
	?property rdfs:range xsd:hexBinary .  
	FILTER (!isBlank(?property)) .
 	BIND(URI(CONCAT('https://astrea.linkeddata.es/shapes#',MD5(STR(?type)))) AS ?shapeUrl) .
}"
Y;0;Pattern restriction;owl:DatatypeProperty, rdfs:Datatype, rdfs:range, xsd:base64Binary;sh:PropertyShape, sh:pattern;String-based Constraints;"PREFIX owl: <http://www.w3.org/2002/07/owl#> 
PREFIX rdfs: <http://www.w3.org/2000/01/rdf-schema#> 
PREFIX sh: <http://www.w3.org/ns/shacl#>
PREFIX rdf: <http://www.w3.org/1999/02/22-rdf-syntax-ns#>
PREFIX xsd: <http://www.w3.org/2001/XMLSchema#>

CONSTRUCT {
  ?shapeUrl a sh:PropertyShape .
  ?shapeUrl sh:pattern '((([A-Za-z0-9+/] ?){4})*(([A-Za-z0-9+/] ?){3}[A-Za-z0-9+/]|([A-Za-z0-9+/] ?){2}[AEIMQUYcgkosw048] ?=|[A-Za-z0-9+/] ?[AQgw] ?= ?=))?'^^xsd:string. 
 } WHERE { 
 	?property a ?propertyType .
	VALUES ?propertyType {owl:DatatypeProperty rdfs:Datatype }
 	OPTIONAL { 
 		?property owl:withRestrictions ?restrictionsList .
 		?restrictionsList rdf:rest*/rdf:first ?restrictionElement .
 		FILTER NOT EXISTS { ?restrictionElement xsd:pattern ?restrictionPattern . }
 	}
	?property rdfs:range xsd:base64Binary .  
	FILTER (!isBlank(?property)) .
 	BIND(URI(CONCAT('https://astrea.linkeddata.es/shapes#',MD5(STR(?type)))) AS ?shapeUrl) .
}"
Y;0;Pattern restriction;owl:DatatypeProperty, rdfs:Datatype, rdfs:range, xsd:language;sh:PropertyShape, sh:pattern;String-based Constraints;"PREFIX owl: <http://www.w3.org/2002/07/owl#> 
PREFIX rdfs: <http://www.w3.org/2000/01/rdf-schema#> 
PREFIX sh: <http://www.w3.org/ns/shacl#>
PREFIX rdf: <http://www.w3.org/1999/02/22-rdf-syntax-ns#>
PREFIX xsd: <http://www.w3.org/2001/XMLSchema#>

CONSTRUCT {
  ?shapeUrl a sh:PropertyShape .
  ?shapeUrl sh:pattern '[a-zA-Z]{1,8}(-[a-zA-Z0-9]{1,8})*'^^xsd:string. 
 } WHERE { 
 	?property a ?propertyType .
	VALUES ?propertyType {owl:DatatypeProperty rdfs:Datatype }
 	OPTIONAL { 
 		?property owl:withRestrictions ?restrictionsList .
 		?restrictionsList rdf:rest*/rdf:first ?restrictionElement .
 		FILTER NOT EXISTS { ?restrictionElement xsd:pattern ?restrictionPattern . }
 	}
	?property rdfs:range xsd:language .  
	FILTER (!isBlank(?property)) .
 	BIND(URI(CONCAT('https://astrea.linkeddata.es/shapes#',MD5(STR(?type)))) AS ?shapeUrl) .
}"
Y;0;Pattern restriction;owl:DatatypeProperty, rdfs:Datatype, rdfs:range, xsd:NMTOKEN;sh:PropertyShape, sh:pattern;String-based Constraints;"PREFIX owl: <http://www.w3.org/2002/07/owl#> 
PREFIX rdfs: <http://www.w3.org/2000/01/rdf-schema#> 
PREFIX sh: <http://www.w3.org/ns/shacl#>
PREFIX rdf: <http://www.w3.org/1999/02/22-rdf-syntax-ns#>
PREFIX xsd: <http://www.w3.org/2001/XMLSchema#>

CONSTRUCT {
  ?shapeUrl a sh:PropertyShape .
  ?shapeUrl sh:pattern '\\\\c+'^^xsd:string. 
 } WHERE { 
 	?property a ?propertyType .
	VALUES ?propertyType {owl:DatatypeProperty rdfs:Datatype }
 	OPTIONAL { 
 		?property owl:withRestrictions ?restrictionsList .
 		?restrictionsList rdf:rest*/rdf:first ?restrictionElement .
 		FILTER NOT EXISTS { ?restrictionElement xsd:pattern ?restrictionPattern . }
 	}
	?property rdfs:range xsd:NMTOKEN .  
	FILTER (!isBlank(?property)) .
 	BIND(URI(CONCAT('https://astrea.linkeddata.es/shapes#',MD5(STR(?type)))) AS ?shapeUrl) .
}"
Y;0;Pattern restriction;owl:DatatypeProperty, rdfs:Datatype, rdfs:range, xsd:Name;sh:PropertyShape, sh:pattern;String-based Constraints;"PREFIX owl: <http://www.w3.org/2002/07/owl#> 
PREFIX rdfs: <http://www.w3.org/2000/01/rdf-schema#> 
PREFIX sh: <http://www.w3.org/ns/shacl#>
PREFIX rdf: <http://www.w3.org/1999/02/22-rdf-syntax-ns#>
PREFIX xsd: <http://www.w3.org/2001/XMLSchema#>

CONSTRUCT {
  ?shapeUrl a sh:PropertyShape .
  ?shapeUrl sh:pattern '\\\\i\\\\c*'^^xsd:string. 
 } WHERE { 
 	?property a ?propertyType .
	VALUES ?propertyType {owl:DatatypeProperty rdfs:Datatype }
 	OPTIONAL { 
 		?property owl:withRestrictions ?restrictionsList .
 		?restrictionsList rdf:rest*/rdf:first ?restrictionElement .
 		FILTER NOT EXISTS { ?restrictionElement xsd:pattern ?restrictionPattern . }
 	}
	?property rdfs:range xsd:Name .  
	FILTER (!isBlank(?property)) .
 	BIND(URI(CONCAT('https://astrea.linkeddata.es/shapes#',MD5(STR(?type)))) AS ?shapeUrl) .
}"
Y;0;Pattern restriction;owl:DatatypeProperty, rdfs:Datatype, rdfs:range, xsd:integer;sh:PropertyShape, sh:pattern;String-based Constraints;"PREFIX owl: <http://www.w3.org/2002/07/owl#> 
PREFIX rdfs: <http://www.w3.org/2000/01/rdf-schema#> 
PREFIX sh: <http://www.w3.org/ns/shacl#>
PREFIX rdf: <http://www.w3.org/1999/02/22-rdf-syntax-ns#>
PREFIX xsd: <http://www.w3.org/2001/XMLSchema#>

CONSTRUCT {
  ?shapeUrl a sh:PropertyShape .
  ?shapeUrl sh:pattern '[\\\\-+]?[0-9]+'^^xsd:string. 
 } WHERE { 
 	?property a ?propertyType .
	VALUES ?propertyType {owl:DatatypeProperty rdfs:Datatype }
 	OPTIONAL { 
 		?property owl:withRestrictions ?restrictionsList .
 		?restrictionsList rdf:rest*/rdf:first ?restrictionElement .
 		FILTER NOT EXISTS { ?restrictionElement xsd:pattern ?restrictionPattern . }
 	}
	?property rdfs:range xsd:integer .  
	FILTER (!isBlank(?property)) .
 	BIND(URI(CONCAT('https://astrea.linkeddata.es/shapes#',MD5(STR(?type)))) AS ?shapeUrl) .
}"
Y;0;Pattern restriction;owl:DatatypeProperty, rdfs:Datatype, rdfs:range, xsd:long, xsd:maxInclusive, xsd:minInclusive;sh:PropertyShape, sh:pattern, sh:maxInclusive, sh:minInclusive;String-based Constraints;"PREFIX owl: <http://www.w3.org/2002/07/owl#> 
PREFIX rdfs: <http://www.w3.org/2000/01/rdf-schema#> 
PREFIX sh: <http://www.w3.org/ns/shacl#>
PREFIX rdf: <http://www.w3.org/1999/02/22-rdf-syntax-ns#>
PREFIX xsd: <http://www.w3.org/2001/XMLSchema#>

CONSTRUCT {
  ?shapeUrl a sh:PropertyShape .
  ?shapeUrl sh:pattern '[\\\\-+]?[0-9]+'^^xsd:string . 
  ?shapeUrl sh:maxInclusive '9223372036854775807'^^xsd:integer . 
  ?shapeUrl sh:minInclusive '-9223372036854775808'^^xsd:integer . 
 } WHERE { 
 	?property a ?propertyType .
	VALUES ?propertyType {owl:DatatypeProperty rdfs:Datatype }
 	OPTIONAL { 
 		?property owl:withRestrictions ?restrictionsList .
 		?restrictionsList rdf:rest*/rdf:first ?restrictionElement .
 		FILTER NOT EXISTS { ?restrictionElement xsd:pattern ?restrictionPattern . }
 	}
	?property rdfs:range xsd:long .  
	FILTER (!isBlank(?property)) .
 	BIND(URI(CONCAT('https://astrea.linkeddata.es/shapes#',MD5(STR(?type)))) AS ?shapeUrl) .
}"
Y;0;Pattern restriction;owl:DatatypeProperty, rdfs:Datatype, rdfs:range, xsd:nonNegativeInteger, xsd:minInclusive;sh:PropertyShape, sh:pattern, sh:minInclusive;String-based Constraints;"PREFIX owl: <http://www.w3.org/2002/07/owl#> 
PREFIX rdfs: <http://www.w3.org/2000/01/rdf-schema#> 
PREFIX sh: <http://www.w3.org/ns/shacl#>
PREFIX rdf: <http://www.w3.org/1999/02/22-rdf-syntax-ns#>
PREFIX xsd: <http://www.w3.org/2001/XMLSchema#>

CONSTRUCT {
  ?shapeUrl a sh:PropertyShape .
  ?shapeUrl sh:pattern '[\\\\-+]?[0-9]+'^^xsd:string . 
  ?shapeUrl sh:minInclusive '0'^^xsd:integer . 
 } WHERE { 
 	?property a ?propertyType .
	VALUES ?propertyType {owl:DatatypeProperty rdfs:Datatype }
 	OPTIONAL { 
 		?property owl:withRestrictions ?restrictionsList .
 		?restrictionsList rdf:rest*/rdf:first ?restrictionElement .
 		FILTER NOT EXISTS { ?restrictionElement xsd:pattern ?restrictionPattern . }
 	}
	?property rdfs:range xsd:nonNegativeInteger .  
	FILTER (!isBlank(?property)) .
 	BIND(URI(CONCAT('https://astrea.linkeddata.es/shapes#',MD5(STR(?type)))) AS ?shapeUrl) .
}"
Y;0;Pattern restriction;owl:DatatypeProperty, rdfs:Datatype, rdfs:range, xsd:string;sh:PropertyShape, sh:pattern;String-based Constraints;"PREFIX owl: <http://www.w3.org/2002/07/owl#> 
PREFIX rdfs: <http://www.w3.org/2000/01/rdf-schema#> 
PREFIX sh: <http://www.w3.org/ns/shacl#>
PREFIX rdf: <http://www.w3.org/1999/02/22-rdf-syntax-ns#>
PREFIX xsd: <http://www.w3.org/2001/XMLSchema#>

CONSTRUCT {
  ?shapeUrl a sh:PropertyShape .
  ?shapeUrl sh:pattern '.*'^^xsd:string . 
 } WHERE { 
 	?property a ?propertyType .
	VALUES ?propertyType {owl:DatatypeProperty rdfs:Datatype }
 	OPTIONAL { 
 		?property owl:withRestrictions ?restrictionsList .
 		?restrictionsList rdf:rest*/rdf:first ?restrictionElement .
 		FILTER NOT EXISTS { ?restrictionElement xsd:pattern ?restrictionPattern . }
 	}
	?property rdfs:range xsd:string .  
	FILTER (!isBlank(?property)) .
 	BIND(URI(CONCAT('https://astrea.linkeddata.es/shapes#',MD5(STR(?type)))) AS ?shapeUrl) .
}"
Y;0;Pattern restriction;owl:DatatypeProperty, rdfs:Datatype, rdfs:range, xsd:dateTime;sh:PropertyShape, sh:pattern;String-based Constraints;"PREFIX owl: <http://www.w3.org/2002/07/owl#> 
PREFIX rdfs: <http://www.w3.org/2000/01/rdf-schema#> 
PREFIX sh: <http://www.w3.org/ns/shacl#>
PREFIX rdf: <http://www.w3.org/1999/02/22-rdf-syntax-ns#>
PREFIX xsd: <http://www.w3.org/2001/XMLSchema#>

CONSTRUCT {
  ?shapeUrl a sh:PropertyShape .
  ?shapeUrl sh:pattern '-?([1-9][0-9]{3,}|0[0-9]{3})-(0[1-9]|1[0-2])-(0[1-9]|[12][0-9]|3[01])T(([01][0-9]|2[0-3]):[0-5][0-9]:[0-5][0-9](\\\\.[0-9]+)?|(24:00:00(\\\\.0+)?))(Z|(\\\\+|-)((0[0-9]|1[0-3]):[0-5][0-9]|14:00))?'^^xsd:string . 
 } WHERE { 
 	?property a ?propertyType .
	VALUES ?propertyType {owl:DatatypeProperty rdfs:Datatype }
 	OPTIONAL { 
 		?property owl:withRestrictions ?restrictionsList .
 		?restrictionsList rdf:rest*/rdf:first ?restrictionElement .
 		FILTER NOT EXISTS { ?restrictionElement xsd:pattern ?restrictionPattern . }
 	}
	?property rdfs:range xsd:dateTime .  
	FILTER (!isBlank(?property)) .
 	BIND(URI(CONCAT('https://astrea.linkeddata.es/shapes#',MD5(STR(?type)))) AS ?shapeUrl) .
}"
Y;0;Pattern restriction;owl:DatatypeProperty, rdfs:Datatype, rdfs:range, xsd:date;sh:PropertyShape, sh:pattern;String-based Constraints;"PREFIX owl: <http://www.w3.org/2002/07/owl#> 
PREFIX rdfs: <http://www.w3.org/2000/01/rdf-schema#> 
PREFIX sh: <http://www.w3.org/ns/shacl#>
PREFIX rdf: <http://www.w3.org/1999/02/22-rdf-syntax-ns#>
PREFIX xsd: <http://www.w3.org/2001/XMLSchema#>

CONSTRUCT {
  ?shapeUrl a sh:PropertyShape .
  ?shapeUrl sh:pattern '-?([1-9][0-9]{3,}|0[0-9]{3})-(0[1-9]|1[0-2])-(0[1-9]|[12][0-9]|3[01])(Z|(\\\\+|-)((0[0-9]|1[0-3]):[0-5][0-9]|14:00))?'^^xsd:string . 
 } WHERE { 
 	?property a ?propertyType .
	VALUES ?propertyType {owl:DatatypeProperty rdfs:Datatype }
 	OPTIONAL { 
 		?property owl:withRestrictions ?restrictionsList .
 		?restrictionsList rdf:rest*/rdf:first ?restrictionElement .
 		FILTER NOT EXISTS { ?restrictionElement xsd:pattern ?restrictionPattern . }
 	}
	?property rdfs:range xsd:date .  
	FILTER (!isBlank(?property)) .
 	BIND(URI(CONCAT('https://astrea.linkeddata.es/shapes#',MD5(STR(?type)))) AS ?shapeUrl) .
}"
Y;0;Pattern restriction;owl:DatatypeProperty, rdfs:Datatype, rdfs:range, xsd:gYearMonth;sh:PropertyShape, sh:pattern;String-based Constraints;"PREFIX owl: <http://www.w3.org/2002/07/owl#> 
PREFIX rdfs: <http://www.w3.org/2000/01/rdf-schema#> 
PREFIX sh: <http://www.w3.org/ns/shacl#>
PREFIX rdf: <http://www.w3.org/1999/02/22-rdf-syntax-ns#>
PREFIX xsd: <http://www.w3.org/2001/XMLSchema#>

CONSTRUCT {
  ?shapeUrl a sh:PropertyShape .
  ?shapeUrl sh:pattern '-?([1-9][0-9]{3,}|0[0-9]{3})-(0[1-9]|1[0-2])(Z|(\\\\+|-)((0[0-9]|1[0-3]):[0-5][0-9]|14:00))?'^^xsd:string . 
 } WHERE { 
 	?property a ?propertyType .
	VALUES ?propertyType {owl:DatatypeProperty rdfs:Datatype }
 	OPTIONAL { 
 		?property owl:withRestrictions ?restrictionsList .
 		?restrictionsList rdf:rest*/rdf:first ?restrictionElement .
 		FILTER NOT EXISTS { ?restrictionElement xsd:pattern ?restrictionPattern . }
 	}
	?property rdfs:range xsd:gYearMonth .  
	FILTER (!isBlank(?property)) .
 	BIND(URI(CONCAT('https://astrea.linkeddata.es/shapes#',MD5(STR(?type)))) AS ?shapeUrl) .
}"
Y;0;Pattern restriction;owl:DatatypeProperty, rdfs:Datatype, rdfs:range, xsd:gYear;sh:PropertyShape, sh:pattern;String-based Constraints;"PREFIX owl: <http://www.w3.org/2002/07/owl#> 
PREFIX rdfs: <http://www.w3.org/2000/01/rdf-schema#> 
PREFIX sh: <http://www.w3.org/ns/shacl#>
PREFIX rdf: <http://www.w3.org/1999/02/22-rdf-syntax-ns#>
PREFIX xsd: <http://www.w3.org/2001/XMLSchema#>

CONSTRUCT {
  ?shapeUrl a sh:PropertyShape .
  ?shapeUrl sh:pattern '-?([1-9][0-9]{3,}|0[0-9]{3})(Z|(\\\\+|-)((0[0-9]|1[0-3]):[0-5][0-9]|14:00))?'^^xsd:string . 
 } WHERE { 
 	?property a ?propertyType .
	VALUES ?propertyType {owl:DatatypeProperty rdfs:Datatype }
 	OPTIONAL { 
 		?property owl:withRestrictions ?restrictionsList .
 		?restrictionsList rdf:rest*/rdf:first ?restrictionElement .
 		FILTER NOT EXISTS { ?restrictionElement xsd:pattern ?restrictionPattern . }
 	}
	?property rdfs:range xsd:gYear .  
	FILTER (!isBlank(?property)) .
 	BIND(URI(CONCAT('https://astrea.linkeddata.es/shapes#',MD5(STR(?type)))) AS ?shapeUrl) .
}"
Y;0;Pattern restriction;owl:DatatypeProperty, rdfs:Datatype, rdfs:range, xsd:anyURI;sh:PropertyShape, sh:pattern;String-based Constraints;"PREFIX owl: <http://www.w3.org/2002/07/owl#> 
PREFIX rdfs: <http://www.w3.org/2000/01/rdf-schema#> 
PREFIX sh: <http://www.w3.org/ns/shacl#>
PREFIX rdf: <http://www.w3.org/1999/02/22-rdf-syntax-ns#>
PREFIX xsd: <http://www.w3.org/2001/XMLSchema#>

CONSTRUCT {
  ?shapeUrl a sh:PropertyShape .
  ?shapeUrl sh:pattern '^(([^:/?#]+):)?(//([^/?#]*))?([^?#]*)(\\\\?([^#]*))?(#(.*))?'^^xsd:string . 
 } WHERE { 
 	?property a ?propertyType .
	VALUES ?propertyType {owl:DatatypeProperty rdfs:Datatype }
 	OPTIONAL { 
 		?property owl:withRestrictions ?restrictionsList .
 		?restrictionsList rdf:rest*/rdf:first ?restrictionElement .
 		FILTER NOT EXISTS { ?restrictionElement xsd:pattern ?restrictionPattern . }
 	}
	?property rdfs:range xsd:anyURI .  
	FILTER (!isBlank(?property)) .
 	BIND(URI(CONCAT('https://astrea.linkeddata.es/shapes#',MD5(STR(?type)))) AS ?shapeUrl) .
}"
Y;0;Pattern restriction;owl:DatatypeProperty, rdfs:Datatype, rdfs:range, xsd:NMTOKENS,xsd:minLength;sh:PropertyShape, sh:pattern,sh:minLength;String-based Constraints;"PREFIX owl: <http://www.w3.org/2002/07/owl#> 
PREFIX rdfs: <http://www.w3.org/2000/01/rdf-schema#> 
PREFIX sh: <http://www.w3.org/ns/shacl#>
PREFIX rdf: <http://www.w3.org/1999/02/22-rdf-syntax-ns#>
PREFIX xsd: <http://www.w3.org/2001/XMLSchema#>

CONSTRUCT {
  ?shapeUrl a sh:PropertyShape .
  ?shapeUrl sh:pattern '\\\\c+'^^xsd:string. 
  ?shapeUrl sh:minLength '1'^^xsd:integer. 
 } WHERE { 
 	?property a ?propertyType .
	VALUES ?propertyType {owl:DatatypeProperty rdfs:Datatype }
 	OPTIONAL { 
 		?property owl:withRestrictions ?restrictionsList .
 		?restrictionsList rdf:rest*/rdf:first ?restrictionElement .
 		FILTER NOT EXISTS { ?restrictionElement xsd:pattern ?restrictionPattern . }
 	}
	?property rdfs:range xsd:NMTOKENS .  
	FILTER (!isBlank(?property)) .
 	BIND(URI(CONCAT('https://astrea.linkeddata.es/shapes#',MD5(STR(?type)))) AS ?shapeUrl) .
}"
Y;0;Pattern restriction;owl:DatatypeProperty, rdfs:Datatype, rdfs:range, xsd:nonPositiveInteger,xsd:maxInclusive;sh:PropertyShape, sh:pattern,sh:maxInclusive;String-based Constraints;"PREFIX owl: <http://www.w3.org/2002/07/owl#> 
PREFIX rdfs: <http://www.w3.org/2000/01/rdf-schema#> 
PREFIX sh: <http://www.w3.org/ns/shacl#>
PREFIX rdf: <http://www.w3.org/1999/02/22-rdf-syntax-ns#>
PREFIX xsd: <http://www.w3.org/2001/XMLSchema#>

CONSTRUCT {
  ?shapeUrl a sh:PropertyShape .
  ?shapeUrl sh:pattern '[\\\\-+]?[0-9]+'^^xsd:string. 
  ?shapeUrl sh:maxInclusive '0'^^xsd:integer. 
 } WHERE { 
 	?property a ?propertyType .
	VALUES ?propertyType {owl:DatatypeProperty rdfs:Datatype }
 	OPTIONAL { 
 		?property owl:withRestrictions ?restrictionsList .
 		?restrictionsList rdf:rest*/rdf:first ?restrictionElement .
 		FILTER NOT EXISTS { ?restrictionElement xsd:pattern ?restrictionPattern . }
 	}
	?property rdfs:range xsd:nonPositiveInteger .  
	FILTER (!isBlank(?property)) .
 	BIND(URI(CONCAT('https://astrea.linkeddata.es/shapes#',MD5(STR(?type)))) AS ?shapeUrl) .
}"
Y;0;Pattern restriction;owl:DatatypeProperty, rdfs:Datatype, rdfs:range, xsd:negativeInteger,xsd:maxInclusive;sh:PropertyShape, sh:pattern,sh:maxInclusive;String-based Constraints;"PREFIX owl: <http://www.w3.org/2002/07/owl#> 
PREFIX rdfs: <http://www.w3.org/2000/01/rdf-schema#> 
PREFIX sh: <http://www.w3.org/ns/shacl#>
PREFIX rdf: <http://www.w3.org/1999/02/22-rdf-syntax-ns#>
PREFIX xsd: <http://www.w3.org/2001/XMLSchema#>

CONSTRUCT {
  ?shapeUrl a sh:PropertyShape .
  ?shapeUrl sh:pattern '[\\\\-+]?[0-9]+'^^xsd:string. 
  ?shapeUrl sh:maxInclusive '-1'^^xsd:integer. 
 } WHERE { 
 	?property a ?propertyType .
	VALUES ?propertyType {owl:DatatypeProperty rdfs:Datatype }
 	OPTIONAL { 
 		?property owl:withRestrictions ?restrictionsList .
 		?restrictionsList rdf:rest*/rdf:first ?restrictionElement .
 		FILTER NOT EXISTS { ?restrictionElement xsd:pattern ?restrictionPattern . }
 	}
	?property rdfs:range xsd:negativeInteger .  
	FILTER (!isBlank(?property)) .
 	BIND(URI(CONCAT('https://astrea.linkeddata.es/shapes#',MD5(STR(?type)))) AS ?shapeUrl) .
}"
Y;0;Pattern restriction;owl:DatatypeProperty, rdfs:Datatype, rdfs:range, xsd:positiveInteger,xsd:minInclusive;sh:PropertyShape, sh:pattern,sh:minInclusive;String-based Constraints;"PREFIX owl: <http://www.w3.org/2002/07/owl#> 
PREFIX rdfs: <http://www.w3.org/2000/01/rdf-schema#> 
PREFIX sh: <http://www.w3.org/ns/shacl#>
PREFIX rdf: <http://www.w3.org/1999/02/22-rdf-syntax-ns#>
PREFIX xsd: <http://www.w3.org/2001/XMLSchema#>

CONSTRUCT {
  ?shapeUrl a sh:PropertyShape .
  ?shapeUrl sh:pattern '[\\\\-+]?[0-9]+'^^xsd:string. 
  ?shapeUrl sh:minInclusive '1'^^xsd:integer. 
 } WHERE { 
 	?property a ?propertyType .
	VALUES ?propertyType {owl:DatatypeProperty rdfs:Datatype }
 	OPTIONAL { 
 		?property owl:withRestrictions ?restrictionsList .
 		?restrictionsList rdf:rest*/rdf:first ?restrictionElement .
 		FILTER NOT EXISTS { ?restrictionElement xsd:pattern ?restrictionPattern . }
 	}
	?property rdfs:range xsd:positiveInteger .  
	FILTER (!isBlank(?property)) .
 	BIND(URI(CONCAT('https://astrea.linkeddata.es/shapes#',MD5(STR(?type)))) AS ?shapeUrl) .
}"
Y;0;Pattern restriction;owl:DatatypeProperty, rdfs:Datatype, rdfs:range, xsd:int, xsd:maxInclusive, xsd:minInclusive;sh:PropertyShape, sh:pattern, sh:maxInclusive, sh:minInclusive;String-based Constraints;"PREFIX owl: <http://www.w3.org/2002/07/owl#> 
PREFIX rdfs: <http://www.w3.org/2000/01/rdf-schema#> 
PREFIX sh: <http://www.w3.org/ns/shacl#>
PREFIX rdf: <http://www.w3.org/1999/02/22-rdf-syntax-ns#>
PREFIX xsd: <http://www.w3.org/2001/XMLSchema#>

CONSTRUCT {
  ?shapeUrl a sh:PropertyShape .
  ?shapeUrl sh:pattern '[\\\\-+]?[0-9]+'^^xsd:string . 
  ?shapeUrl sh:maxInclusive '2147483647'^^xsd:integer . 
  ?shapeUrl sh:minInclusive '-2147483648'^^xsd:integer . 
 } WHERE { 
 	?property a ?propertyType .
	VALUES ?propertyType {owl:DatatypeProperty rdfs:Datatype }
 	OPTIONAL { 
 		?property owl:withRestrictions ?restrictionsList .
 		?restrictionsList rdf:rest*/rdf:first ?restrictionElement .
 		FILTER NOT EXISTS { ?restrictionElement xsd:pattern ?restrictionPattern . }
 	}
	?property rdfs:range xsd:int .  
	FILTER (!isBlank(?property)) .
 	BIND(URI(CONCAT('https://astrea.linkeddata.es/shapes#',MD5(STR(?type)))) AS ?shapeUrl) .
}"
Y;0;Pattern restriction;owl:DatatypeProperty, rdfs:Datatype, rdfs:range, xsd:short, xsd:maxInclusive, xsd:minInclusive;sh:PropertyShape, sh:pattern, sh:maxInclusive, sh:minInclusive;String-based Constraints;"PREFIX owl: <http://www.w3.org/2002/07/owl#> 
PREFIX rdfs: <http://www.w3.org/2000/01/rdf-schema#> 
PREFIX sh: <http://www.w3.org/ns/shacl#>
PREFIX rdf: <http://www.w3.org/1999/02/22-rdf-syntax-ns#>
PREFIX xsd: <http://www.w3.org/2001/XMLSchema#>

CONSTRUCT {
  ?shapeUrl a sh:PropertyShape .
  ?shapeUrl sh:pattern '[\\\\-+]?[0-9]+'^^xsd:string . 
  ?shapeUrl sh:maxInclusive '32767'^^xsd:integer . 
  ?shapeUrl sh:minInclusive '-32768'^^xsd:integer . 
 } WHERE { 
 	?property a ?propertyType .
	VALUES ?propertyType {owl:DatatypeProperty rdfs:Datatype }
 	OPTIONAL { 
 		?property owl:withRestrictions ?restrictionsList .
 		?restrictionsList rdf:rest*/rdf:first ?restrictionElement .
 		FILTER NOT EXISTS { ?restrictionElement xsd:pattern ?restrictionPattern . }
 	}
	?property rdfs:range xsd:short .  
	FILTER (!isBlank(?property)) .
 	BIND(URI(CONCAT('https://astrea.linkeddata.es/shapes#',MD5(STR(?type)))) AS ?shapeUrl) .
}"
Y;0;Pattern restriction;owl:DatatypeProperty, rdfs:Datatype, rdfs:range, xsd:byte, xsd:maxInclusive, xsd:minInclusive;sh:PropertyShape, sh:pattern, sh:maxInclusive, sh:minInclusive;String-based Constraints;"PREFIX owl: <http://www.w3.org/2002/07/owl#> 
PREFIX rdfs: <http://www.w3.org/2000/01/rdf-schema#> 
PREFIX sh: <http://www.w3.org/ns/shacl#>
PREFIX rdf: <http://www.w3.org/1999/02/22-rdf-syntax-ns#>
PREFIX xsd: <http://www.w3.org/2001/XMLSchema#>

CONSTRUCT {
  ?shapeUrl a sh:PropertyShape .
  ?shapeUrl sh:pattern '[\\\\-+]?[0-9]+'^^xsd:string . 
  ?shapeUrl sh:maxInclusive '127'^^xsd:integer . 
  ?shapeUrl sh:minInclusive '-128'^^xsd:integer . 
 } WHERE { 
 	?property a ?propertyType .
	VALUES ?propertyType {owl:DatatypeProperty rdfs:Datatype }
 	OPTIONAL { 
 		?property owl:withRestrictions ?restrictionsList .
 		?restrictionsList rdf:rest*/rdf:first ?restrictionElement .
 		FILTER NOT EXISTS { ?restrictionElement xsd:pattern ?restrictionPattern . }
 	}
	?property rdfs:range xsd:byte .  
	FILTER (!isBlank(?property)) .
 	BIND(URI(CONCAT('https://astrea.linkeddata.es/shapes#',MD5(STR(?type)))) AS ?shapeUrl) .
}"
Y;0;Pattern restriction;owl:DatatypeProperty, rdfs:Datatype, rdfs:range, xsd:unsignedLong, xsd:maxInclusive, xsd:minInclusive;sh:PropertyShape, sh:pattern, sh:maxInclusive, sh:minInclusive;String-based Constraints;"PREFIX owl: <http://www.w3.org/2002/07/owl#> 
PREFIX rdfs: <http://www.w3.org/2000/01/rdf-schema#> 
PREFIX sh: <http://www.w3.org/ns/shacl#>
PREFIX rdf: <http://www.w3.org/1999/02/22-rdf-syntax-ns#>
PREFIX xsd: <http://www.w3.org/2001/XMLSchema#>

CONSTRUCT {
  ?shapeUrl a sh:PropertyShape .
  ?shapeUrl sh:pattern '[\\\\-+]?[0-9]+'^^xsd:string . 
  ?shapeUrl sh:maxInclusive '18446744073709551615'^^xsd:integer . 
  ?shapeUrl sh:minInclusive '0'^^xsd:integer . 
 } WHERE { 
 	?property a ?propertyType .
	VALUES ?propertyType {owl:DatatypeProperty rdfs:Datatype }
 	OPTIONAL { 
 		?property owl:withRestrictions ?restrictionsList .
 		?restrictionsList rdf:rest*/rdf:first ?restrictionElement .
 		FILTER NOT EXISTS { ?restrictionElement xsd:pattern ?restrictionPattern . }
 	}
	?property rdfs:range xsd:unsignedLong .  
	FILTER (!isBlank(?property)) .
 	BIND(URI(CONCAT('https://astrea.linkeddata.es/shapes#',MD5(STR(?type)))) AS ?shapeUrl) .
}"
Y;0;Pattern restriction;owl:DatatypeProperty, rdfs:Datatype, rdfs:range, xsd:unsignedInt, xsd:maxInclusive, xsd:minInclusive;sh:PropertyShape, sh:pattern, sh:maxInclusive, sh:minInclusive;String-based Constraints;"PREFIX owl: <http://www.w3.org/2002/07/owl#> 
PREFIX rdfs: <http://www.w3.org/2000/01/rdf-schema#> 
PREFIX sh: <http://www.w3.org/ns/shacl#>
PREFIX rdf: <http://www.w3.org/1999/02/22-rdf-syntax-ns#>
PREFIX xsd: <http://www.w3.org/2001/XMLSchema#>

CONSTRUCT {
  ?shapeUrl a sh:PropertyShape .
  ?shapeUrl sh:pattern '[\\\\-+]?[0-9]+'^^xsd:string . 
  ?shapeUrl sh:maxInclusive '4294967295'^^xsd:integer . 
  ?shapeUrl sh:minInclusive '0'^^xsd:integer . 
 } WHERE { 
 	?property a ?propertyType .
	VALUES ?propertyType {owl:DatatypeProperty rdfs:Datatype }
 	OPTIONAL { 
 		?property owl:withRestrictions ?restrictionsList .
 		?restrictionsList rdf:rest*/rdf:first ?restrictionElement .
 		FILTER NOT EXISTS { ?restrictionElement xsd:pattern ?restrictionPattern . }
 	}
	?property rdfs:range xsd:unsignedInt .  
	FILTER (!isBlank(?property)) .
 	BIND(URI(CONCAT('https://astrea.linkeddata.es/shapes#',MD5(STR(?type)))) AS ?shapeUrl) .
}"
Y;0;Pattern restriction;owl:DatatypeProperty, rdfs:Datatype, rdfs:range, xsd:unsignedShort, xsd:maxInclusive, xsd:minInclusive;sh:PropertyShape, sh:pattern, sh:maxInclusive, sh:minInclusive;String-based Constraints;"PREFIX owl: <http://www.w3.org/2002/07/owl#> 
PREFIX rdfs: <http://www.w3.org/2000/01/rdf-schema#> 
PREFIX sh: <http://www.w3.org/ns/shacl#>
PREFIX rdf: <http://www.w3.org/1999/02/22-rdf-syntax-ns#>
PREFIX xsd: <http://www.w3.org/2001/XMLSchema#>

CONSTRUCT {
  ?shapeUrl a sh:PropertyShape .
  ?shapeUrl sh:pattern '[\\\\-+]?[0-9]+'^^xsd:string . 
  ?shapeUrl sh:maxInclusive '65535'^^xsd:integer . 
  ?shapeUrl sh:minInclusive '0'^^xsd:integer . 
 } WHERE { 
 	?property a ?propertyType .
	VALUES ?propertyType {owl:DatatypeProperty rdfs:Datatype }
 	OPTIONAL { 
 		?property owl:withRestrictions ?restrictionsList .
 		?restrictionsList rdf:rest*/rdf:first ?restrictionElement .
 		FILTER NOT EXISTS { ?restrictionElement xsd:pattern ?restrictionPattern . }
 	}
	?property rdfs:range xsd:unsignedShort .  
	FILTER (!isBlank(?property)) .
 	BIND(URI(CONCAT('https://astrea.linkeddata.es/shapes#',MD5(STR(?type)))) AS ?shapeUrl) .
}"
Y;0;Pattern restriction;owl:DatatypeProperty, rdfs:Datatype, rdfs:range, xsd:unsignedByte, xsd:maxInclusive, xsd:minInclusive;sh:PropertyShape, sh:pattern, sh:maxInclusive, sh:minInclusive;String-based Constraints;"PREFIX owl: <http://www.w3.org/2002/07/owl#> 
PREFIX rdfs: <http://www.w3.org/2000/01/rdf-schema#> 
PREFIX sh: <http://www.w3.org/ns/shacl#>
PREFIX rdf: <http://www.w3.org/1999/02/22-rdf-syntax-ns#>
PREFIX xsd: <http://www.w3.org/2001/XMLSchema#>

CONSTRUCT {
  ?shapeUrl a sh:PropertyShape .
  ?shapeUrl sh:pattern '[\\\\-+]?[0-9]+'^^xsd:string . 
  ?shapeUrl sh:maxInclusive '255'^^xsd:integer . 
  ?shapeUrl sh:minInclusive '0'^^xsd:integer . 
 } WHERE { 
 	?property a ?propertyType .
	VALUES ?propertyType {owl:DatatypeProperty rdfs:Datatype }
 	OPTIONAL { 
 		?property owl:withRestrictions ?restrictionsList .
 		?restrictionsList rdf:rest*/rdf:first ?restrictionElement .
 		FILTER NOT EXISTS { ?restrictionElement xsd:pattern ?restrictionPattern . }
 	}
	?property rdfs:range xsd:unsignedByte .  
	FILTER (!isBlank(?property)) .
 	BIND(URI(CONCAT('https://astrea.linkeddata.es/shapes#',MD5(STR(?type)))) AS ?shapeUrl) .
}"
Y;0;Pattern restriction;owl:DatatypeProperty, rdfs:Datatype, rdfs:range, xsd:yearMonthDuration;sh:PropertyShape, sh:pattern;String-based Constraints;"PREFIX owl: <http://www.w3.org/2002/07/owl#> 
PREFIX rdfs: <http://www.w3.org/2000/01/rdf-schema#> 
PREFIX sh: <http://www.w3.org/ns/shacl#>
PREFIX rdf: <http://www.w3.org/1999/02/22-rdf-syntax-ns#>
PREFIX xsd: <http://www.w3.org/2001/XMLSchema#>

CONSTRUCT {
  ?shapeUrl a sh:PropertyShape .
  ?shapeUrl sh:pattern '[^DT]*'^^xsd:string. 
 } WHERE { 
 	?property a ?propertyType .
	VALUES ?propertyType {owl:DatatypeProperty rdfs:Datatype }
 	OPTIONAL { 
 		?property owl:withRestrictions ?restrictionsList .
 		?restrictionsList rdf:rest*/rdf:first ?restrictionElement .
 		FILTER NOT EXISTS { ?restrictionElement xsd:pattern ?restrictionPattern . }
 	}
	?property rdfs:range xsd:yearMonthDuration .  
	FILTER (!isBlank(?property)) .
 	BIND(URI(CONCAT('https://astrea.linkeddata.es/shapes#',MD5(STR(?type)))) AS ?shapeUrl) .
}"
Y;0;Pattern restriction;owl:DatatypeProperty, rdfs:Datatype, rdfs:range, xsd:dayTimeDuration;sh:PropertyShape, sh:pattern;String-based Constraints;"PREFIX owl: <http://www.w3.org/2002/07/owl#> 
PREFIX rdfs: <http://www.w3.org/2000/01/rdf-schema#> 
PREFIX sh: <http://www.w3.org/ns/shacl#>
PREFIX rdf: <http://www.w3.org/1999/02/22-rdf-syntax-ns#>
PREFIX xsd: <http://www.w3.org/2001/XMLSchema#>

CONSTRUCT {
  ?shapeUrl a sh:PropertyShape .
  ?shapeUrl sh:pattern '[^YM]*(T.*)?'^^xsd:string. 
 } WHERE { 
 	?property a ?propertyType .
	VALUES ?propertyType {owl:DatatypeProperty rdfs:Datatype }
 	OPTIONAL { 
 		?property owl:withRestrictions ?restrictionsList .
 		?restrictionsList rdf:rest*/rdf:first ?restrictionElement .
 		FILTER NOT EXISTS { ?restrictionElement xsd:pattern ?restrictionPattern . }
 	}
	?property rdfs:range xsd:dayTimeDuration .  
	FILTER (!isBlank(?property)) .
 	BIND(URI(CONCAT('https://astrea.linkeddata.es/shapes#',MD5(STR(?type)))) AS ?shapeUrl) .
}"